This is pdfTeX, Version 3.141592653-2.6-1.40.22 (TeX Live 2022/dev/Debian) (preloaded format=pdflatex 2025.8.11)  18 SEP 2025 17:41
entering extended mode
 restricted \write18 enabled.
 file:line:error style messages enabled.
 %&-line parsing enabled.
**/home/dorfermax/dhbw/DataScienceMethodik/texproject/Projektarbeit
(/home/dorfermax/dhbw/DataScienceMethodik/texproject/Projektarbeit.tex
LaTeX2e <2021-11-15> patch level 1
L3 programming layer <2022-01-21> (/usr/share/texlive/texmf-dist/tex/latex/base/article.cls
Document Class: article 2021/10/04 v1.4n Standard LaTeX document class
(/usr/share/texlive/texmf-dist/tex/latex/base/size12.clo
File: size12.clo 2021/10/04 v1.4n Standard LaTeX file (size option)
)
\c@part=\count185
\c@section=\count186
\c@subsection=\count187
\c@subsubsection=\count188
\c@paragraph=\count189
\c@subparagraph=\count190
\c@figure=\count191
\c@table=\count192
\abovecaptionskip=\skip47
\belowcaptionskip=\skip48
\bibindent=\dimen138
) (/usr/share/texlive/texmf-dist/tex/latex/geometry/geometry.sty
Package: geometry 2020/01/02 v5.9 Page Geometry
 (/usr/share/texlive/texmf-dist/tex/latex/graphics/keyval.sty
Package: keyval 2014/10/28 v1.15 key=value parser (DPC)
\KV@toks@=\toks16
) (/usr/share/texlive/texmf-dist/tex/generic/iftex/ifvtex.sty
Package: ifvtex 2019/10/25 v1.7 ifvtex legacy package. Use iftex instead.
 (/usr/share/texlive/texmf-dist/tex/generic/iftex/iftex.sty
Package: iftex 2020/03/06 v1.0d TeX engine tests
))
\Gm@cnth=\count193
\Gm@cntv=\count194
\c@Gm@tempcnt=\count195
\Gm@bindingoffset=\dimen139
\Gm@wd@mp=\dimen140
\Gm@odd@mp=\dimen141
\Gm@even@mp=\dimen142
\Gm@layoutwidth=\dimen143
\Gm@layoutheight=\dimen144
\Gm@layouthoffset=\dimen145
\Gm@layoutvoffset=\dimen146
\Gm@dimlist=\toks17
) (/usr/share/texlive/texmf-dist/tex/latex/psnfss/mathptmx.sty
Package: mathptmx 2020/03/25 PSNFSS-v9.3 Times w/ Math, improved (SPQR, WaS) 
LaTeX Font Info:    Redeclaring symbol font `operators' on input line 28.
LaTeX Font Info:    Overwriting symbol font `operators' in version `normal'
(Font)                  OT1/cmr/m/n --> OT1/ztmcm/m/n on input line 28.
LaTeX Font Info:    Overwriting symbol font `operators' in version `bold'
(Font)                  OT1/cmr/bx/n --> OT1/ztmcm/m/n on input line 28.
LaTeX Font Info:    Redeclaring symbol font `letters' on input line 29.
LaTeX Font Info:    Overwriting symbol font `letters' in version `normal'
(Font)                  OML/cmm/m/it --> OML/ztmcm/m/it on input line 29.
LaTeX Font Info:    Overwriting symbol font `letters' in version `bold'
(Font)                  OML/cmm/b/it --> OML/ztmcm/m/it on input line 29.
LaTeX Font Info:    Redeclaring symbol font `symbols' on input line 30.
LaTeX Font Info:    Overwriting symbol font `symbols' in version `normal'
(Font)                  OMS/cmsy/m/n --> OMS/ztmcm/m/n on input line 30.
LaTeX Font Info:    Overwriting symbol font `symbols' in version `bold'
(Font)                  OMS/cmsy/b/n --> OMS/ztmcm/m/n on input line 30.
LaTeX Font Info:    Redeclaring symbol font `largesymbols' on input line 31.
LaTeX Font Info:    Overwriting symbol font `largesymbols' in version `normal'
(Font)                  OMX/cmex/m/n --> OMX/ztmcm/m/n on input line 31.
LaTeX Font Info:    Overwriting symbol font `largesymbols' in version `bold'
(Font)                  OMX/cmex/m/n --> OMX/ztmcm/m/n on input line 31.
\symbold=\mathgroup4
\symitalic=\mathgroup5
LaTeX Font Info:    Redeclaring math alphabet \mathbf on input line 34.
LaTeX Font Info:    Overwriting math alphabet `\mathbf' in version `normal'
(Font)                  OT1/cmr/bx/n --> OT1/ptm/bx/n on input line 34.
LaTeX Font Info:    Overwriting math alphabet `\mathbf' in version `bold'
(Font)                  OT1/cmr/bx/n --> OT1/ptm/bx/n on input line 34.
LaTeX Font Info:    Redeclaring math alphabet \mathit on input line 35.
LaTeX Font Info:    Overwriting math alphabet `\mathit' in version `normal'
(Font)                  OT1/cmr/m/it --> OT1/ptm/m/it on input line 35.
LaTeX Font Info:    Overwriting math alphabet `\mathit' in version `bold'
(Font)                  OT1/cmr/bx/it --> OT1/ptm/m/it on input line 35.
LaTeX Info: Redefining \hbar on input line 50.
) (/usr/share/texlive/texmf-dist/tex/latex/csquotes/csquotes.sty
Package: csquotes 2021-02-22 v5.2l context-sensitive quotations (JAW)
 (/usr/share/texlive/texmf-dist/tex/latex/etoolbox/etoolbox.sty
Package: etoolbox 2020/10/05 v2.5k e-TeX tools for LaTeX (JAW)
\etb@tempcnta=\count196
)
\csq@reset=\count197
\csq@gtype=\count198
\csq@glevel=\count199
\csq@qlevel=\count266
\csq@maxlvl=\count267
\csq@tshold=\count268
\csq@ltx@everypar=\toks18
 (/usr/share/texlive/texmf-dist/tex/latex/csquotes/csquotes.def
File: csquotes.def 2021-02-22 v5.2l csquotes generic definitions (JAW)
)
Package csquotes Info: Trying to load configuration file 'csquotes.cfg'...
Package csquotes Info: ... configuration file loaded successfully.
 (/usr/share/texlive/texmf-dist/tex/latex/csquotes/csquotes.cfg
File: csquotes.cfg 
)) (/usr/share/texlive/texmf-dist/tex/latex/acronym/acronym.sty
Package: acronym 2020/04/17 v1.47 Support for acronyms (Tobias Oetiker)
 (/usr/share/texlive/texmf-dist/tex/latex/bigfoot/suffix.sty
Package: suffix 2006/07/15 1.5a Variant command support
) (/usr/share/texlive/texmf-dist/tex/generic/xstring/xstring.sty (/usr/share/texlive/texmf-dist/tex/generic/xstring/xstring.tex
\integerpart=\count269
\decimalpart=\count270
)
Package: xstring 2021/07/21 v1.84 String manipulations (CT)
)
\AC@clearlist=\toks19
) (/usr/share/texlive/texmf-dist/tex/generic/babel/babel.sty
Package: babel 2022/01/26 3.70 The Babel package
\babel@savecnt=\count271
\U@D=\dimen147
\l@unhyphenated=\language3
 (/usr/share/texlive/texmf-dist/tex/generic/babel/txtbabel.def)
\bbl@readstream=\read2
\bbl@dirlevel=\count272
 (/usr/share/texlive/texmf-dist/tex/generic/babel-german/ngerman.ldf
Language: ngerman 2021/02/27 v2.13 German support for babel (post-1996 orthography)
 (/usr/share/texlive/texmf-dist/tex/generic/babel-german/ngermanb.ldf
Language: ngermanb 2021/02/27 v2.13 German support for babel (post-1996 orthography)


Package babel Warning: No hyphenation patterns were preloaded for
(babel)                the language 'German (new orthography)' into the format.
(babel)                Please, configure your TeX system to add them and
(babel)                rebuild the format. Now I will use the patterns
(babel)                preloaded for \language=0 instead on input line 48.

Package babel Info: Hyphen rules for 'ngerman' set to \l@english
(babel)             (\language0). Reported on input line 49.
Package babel Info: Making " an active character on input line 122.
))) (/usr/share/texlive/texmf-dist/tex/latex/textgreek/textgreek.sty
Package: textgreek 2011/10/09 v0.7 Greek symbols in text
Package textgreek Info: Loading the definitions for the Greek fontencoding. on input line 39.
 (/usr/share/texlive/texmf-dist/tex/latex/greek-fontenc/lgrenc.def
File: lgrenc.def 2020/10/13 2.0 LGR Greek font encoding definitions
Now handling font encoding LGR ...
... processing UTF-8 mapping file for font encoding LGR
 (/usr/share/texlive/texmf-dist/tex/latex/greek-inputenc/lgrenc.dfu
File: lgrenc.dfu 2019/07/11 1.7 UTF-8 support for Greek
   defining Unicode char U+00A8 (decimal 168)
   defining Unicode char U+00AB (decimal 171)
   defining Unicode char U+00AF (decimal 175)
   defining Unicode char U+00B4 (decimal 180)
   defining Unicode char U+00B7 (decimal 183)
   defining Unicode char U+00BB (decimal 187)
   defining Unicode char U+0259 (decimal 601)
   defining Unicode char U+02D8 (decimal 728)
   defining Unicode char U+0374 (decimal 884)
   defining Unicode char U+0375 (decimal 885)
   defining Unicode char U+037A (decimal 890)
   defining Unicode char U+037E (decimal 894)
   defining Unicode char U+0384 (decimal 900)
   defining Unicode char U+0385 (decimal 901)
   defining Unicode char U+0386 (decimal 902)
   defining Unicode char U+0387 (decimal 903)
   defining Unicode char U+0388 (decimal 904)
   defining Unicode char U+0389 (decimal 905)
   defining Unicode char U+038A (decimal 906)
   defining Unicode char U+038C (decimal 908)
   defining Unicode char U+038E (decimal 910)
   defining Unicode char U+038F (decimal 911)
   defining Unicode char U+0390 (decimal 912)
   defining Unicode char U+0391 (decimal 913)
   defining Unicode char U+0392 (decimal 914)
   defining Unicode char U+0393 (decimal 915)
   defining Unicode char U+0394 (decimal 916)
   defining Unicode char U+0395 (decimal 917)
   defining Unicode char U+0396 (decimal 918)
   defining Unicode char U+0397 (decimal 919)
   defining Unicode char U+0398 (decimal 920)
   defining Unicode char U+0399 (decimal 921)
   defining Unicode char U+039A (decimal 922)
   defining Unicode char U+039B (decimal 923)
   defining Unicode char U+039C (decimal 924)
   defining Unicode char U+039D (decimal 925)
   defining Unicode char U+039E (decimal 926)
   defining Unicode char U+039F (decimal 927)
   defining Unicode char U+03A0 (decimal 928)
   defining Unicode char U+03A1 (decimal 929)
   defining Unicode char U+03A3 (decimal 931)
   defining Unicode char U+03A4 (decimal 932)
   defining Unicode char U+03A5 (decimal 933)
   defining Unicode char U+03A6 (decimal 934)
   defining Unicode char U+03A7 (decimal 935)
   defining Unicode char U+03A8 (decimal 936)
   defining Unicode char U+03A9 (decimal 937)
   defining Unicode char U+03AA (decimal 938)
   defining Unicode char U+03AB (decimal 939)
   defining Unicode char U+03AC (decimal 940)
   defining Unicode char U+03AD (decimal 941)
   defining Unicode char U+03AE (decimal 942)
   defining Unicode char U+03AF (decimal 943)
   defining Unicode char U+03B0 (decimal 944)
   defining Unicode char U+03B1 (decimal 945)
   defining Unicode char U+03B2 (decimal 946)
   defining Unicode char U+03B3 (decimal 947)
   defining Unicode char U+03B4 (decimal 948)
   defining Unicode char U+03B5 (decimal 949)
   defining Unicode char U+03B6 (decimal 950)
   defining Unicode char U+03B7 (decimal 951)
   defining Unicode char U+03B8 (decimal 952)
   defining Unicode char U+03B9 (decimal 953)
   defining Unicode char U+03BA (decimal 954)
   defining Unicode char U+03BB (decimal 955)
   defining Unicode char U+03BC (decimal 956)
   defining Unicode char U+03BD (decimal 957)
   defining Unicode char U+03BE (decimal 958)
   defining Unicode char U+03BF (decimal 959)
   defining Unicode char U+03C0 (decimal 960)
   defining Unicode char U+03C1 (decimal 961)
   defining Unicode char U+03C2 (decimal 962)
   defining Unicode char U+03C3 (decimal 963)
   defining Unicode char U+03C4 (decimal 964)
   defining Unicode char U+03C5 (decimal 965)
   defining Unicode char U+03C6 (decimal 966)
   defining Unicode char U+03C7 (decimal 967)
   defining Unicode char U+03C8 (decimal 968)
   defining Unicode char U+03C9 (decimal 969)
   defining Unicode char U+03CA (decimal 970)
   defining Unicode char U+03CB (decimal 971)
   defining Unicode char U+03CC (decimal 972)
   defining Unicode char U+03CD (decimal 973)
   defining Unicode char U+03CE (decimal 974)
   defining Unicode char U+03D0 (decimal 976)
   defining Unicode char U+03D1 (decimal 977)
   defining Unicode char U+03D5 (decimal 981)
   defining Unicode char U+03D6 (decimal 982)
   defining Unicode char U+03D8 (decimal 984)
   defining Unicode char U+03D9 (decimal 985)
   defining Unicode char U+03DA (decimal 986)
   defining Unicode char U+03DB (decimal 987)
   defining Unicode char U+03DC (decimal 988)
   defining Unicode char U+03DD (decimal 989)
   defining Unicode char U+03DF (decimal 991)
   defining Unicode char U+03E0 (decimal 992)
   defining Unicode char U+03E1 (decimal 993)
   defining Unicode char U+03F0 (decimal 1008)
   defining Unicode char U+03F1 (decimal 1009)
   defining Unicode char U+03F4 (decimal 1012)
   defining Unicode char U+03F5 (decimal 1013)
   defining Unicode char U+1F00 (decimal 7936)
   defining Unicode char U+1F01 (decimal 7937)
   defining Unicode char U+1F02 (decimal 7938)
   defining Unicode char U+1F03 (decimal 7939)
   defining Unicode char U+1F04 (decimal 7940)
   defining Unicode char U+1F05 (decimal 7941)
   defining Unicode char U+1F06 (decimal 7942)
   defining Unicode char U+1F07 (decimal 7943)
   defining Unicode char U+1F08 (decimal 7944)
   defining Unicode char U+1F09 (decimal 7945)
   defining Unicode char U+1F0A (decimal 7946)
   defining Unicode char U+1F0B (decimal 7947)
   defining Unicode char U+1F0C (decimal 7948)
   defining Unicode char U+1F0D (decimal 7949)
   defining Unicode char U+1F0E (decimal 7950)
   defining Unicode char U+1F0F (decimal 7951)
   defining Unicode char U+1F10 (decimal 7952)
   defining Unicode char U+1F11 (decimal 7953)
   defining Unicode char U+1F12 (decimal 7954)
   defining Unicode char U+1F13 (decimal 7955)
   defining Unicode char U+1F14 (decimal 7956)
   defining Unicode char U+1F15 (decimal 7957)
   defining Unicode char U+1F18 (decimal 7960)
   defining Unicode char U+1F19 (decimal 7961)
   defining Unicode char U+1F1A (decimal 7962)
   defining Unicode char U+1F1B (decimal 7963)
   defining Unicode char U+1F1C (decimal 7964)
   defining Unicode char U+1F1D (decimal 7965)
   defining Unicode char U+1F20 (decimal 7968)
   defining Unicode char U+1F21 (decimal 7969)
   defining Unicode char U+1F22 (decimal 7970)
   defining Unicode char U+1F23 (decimal 7971)
   defining Unicode char U+1F24 (decimal 7972)
   defining Unicode char U+1F25 (decimal 7973)
   defining Unicode char U+1F26 (decimal 7974)
   defining Unicode char U+1F27 (decimal 7975)
   defining Unicode char U+1F28 (decimal 7976)
   defining Unicode char U+1F29 (decimal 7977)
   defining Unicode char U+1F2A (decimal 7978)
   defining Unicode char U+1F2B (decimal 7979)
   defining Unicode char U+1F2C (decimal 7980)
   defining Unicode char U+1F2D (decimal 7981)
   defining Unicode char U+1F2E (decimal 7982)
   defining Unicode char U+1F2F (decimal 7983)
   defining Unicode char U+1F30 (decimal 7984)
   defining Unicode char U+1F31 (decimal 7985)
   defining Unicode char U+1F32 (decimal 7986)
   defining Unicode char U+1F33 (decimal 7987)
   defining Unicode char U+1F34 (decimal 7988)
   defining Unicode char U+1F35 (decimal 7989)
   defining Unicode char U+1F36 (decimal 7990)
   defining Unicode char U+1F37 (decimal 7991)
   defining Unicode char U+1F38 (decimal 7992)
   defining Unicode char U+1F39 (decimal 7993)
   defining Unicode char U+1F3A (decimal 7994)
   defining Unicode char U+1F3B (decimal 7995)
   defining Unicode char U+1F3C (decimal 7996)
   defining Unicode char U+1F3D (decimal 7997)
   defining Unicode char U+1F3E (decimal 7998)
   defining Unicode char U+1F3F (decimal 7999)
   defining Unicode char U+1F40 (decimal 8000)
   defining Unicode char U+1F41 (decimal 8001)
   defining Unicode char U+1F42 (decimal 8002)
   defining Unicode char U+1F43 (decimal 8003)
   defining Unicode char U+1F44 (decimal 8004)
   defining Unicode char U+1F45 (decimal 8005)
   defining Unicode char U+1F48 (decimal 8008)
   defining Unicode char U+1F49 (decimal 8009)
   defining Unicode char U+1F4A (decimal 8010)
   defining Unicode char U+1F4B (decimal 8011)
   defining Unicode char U+1F4C (decimal 8012)
   defining Unicode char U+1F4D (decimal 8013)
   defining Unicode char U+1F50 (decimal 8016)
   defining Unicode char U+1F51 (decimal 8017)
   defining Unicode char U+1F52 (decimal 8018)
   defining Unicode char U+1F53 (decimal 8019)
   defining Unicode char U+1F54 (decimal 8020)
   defining Unicode char U+1F55 (decimal 8021)
   defining Unicode char U+1F56 (decimal 8022)
   defining Unicode char U+1F57 (decimal 8023)
   defining Unicode char U+1F59 (decimal 8025)
   defining Unicode char U+1F5B (decimal 8027)
   defining Unicode char U+1F5D (decimal 8029)
   defining Unicode char U+1F5F (decimal 8031)
   defining Unicode char U+1F60 (decimal 8032)
   defining Unicode char U+1F61 (decimal 8033)
   defining Unicode char U+1F62 (decimal 8034)
   defining Unicode char U+1F63 (decimal 8035)
   defining Unicode char U+1F64 (decimal 8036)
   defining Unicode char U+1F65 (decimal 8037)
   defining Unicode char U+1F66 (decimal 8038)
   defining Unicode char U+1F67 (decimal 8039)
   defining Unicode char U+1F68 (decimal 8040)
   defining Unicode char U+1F69 (decimal 8041)
   defining Unicode char U+1F6A (decimal 8042)
   defining Unicode char U+1F6B (decimal 8043)
   defining Unicode char U+1F6C (decimal 8044)
   defining Unicode char U+1F6D (decimal 8045)
   defining Unicode char U+1F6E (decimal 8046)
   defining Unicode char U+1F6F (decimal 8047)
   defining Unicode char U+1F70 (decimal 8048)
   defining Unicode char U+1F71 (decimal 8049)
   defining Unicode char U+1F72 (decimal 8050)
   defining Unicode char U+1F73 (decimal 8051)
   defining Unicode char U+1F74 (decimal 8052)
   defining Unicode char U+1F75 (decimal 8053)
   defining Unicode char U+1F76 (decimal 8054)
   defining Unicode char U+1F77 (decimal 8055)
   defining Unicode char U+1F78 (decimal 8056)
   defining Unicode char U+1F79 (decimal 8057)
   defining Unicode char U+1F7A (decimal 8058)
   defining Unicode char U+1F7B (decimal 8059)
   defining Unicode char U+1F7C (decimal 8060)
   defining Unicode char U+1F7D (decimal 8061)
   defining Unicode char U+1F80 (decimal 8064)
   defining Unicode char U+1F81 (decimal 8065)
   defining Unicode char U+1F82 (decimal 8066)
   defining Unicode char U+1F83 (decimal 8067)
   defining Unicode char U+1F84 (decimal 8068)
   defining Unicode char U+1F85 (decimal 8069)
   defining Unicode char U+1F86 (decimal 8070)
   defining Unicode char U+1F87 (decimal 8071)
   defining Unicode char U+1F88 (decimal 8072)
   defining Unicode char U+1F89 (decimal 8073)
   defining Unicode char U+1F8A (decimal 8074)
   defining Unicode char U+1F8B (decimal 8075)
   defining Unicode char U+1F8C (decimal 8076)
   defining Unicode char U+1F8D (decimal 8077)
   defining Unicode char U+1F8E (decimal 8078)
   defining Unicode char U+1F8F (decimal 8079)
   defining Unicode char U+1F90 (decimal 8080)
   defining Unicode char U+1F91 (decimal 8081)
   defining Unicode char U+1F92 (decimal 8082)
   defining Unicode char U+1F93 (decimal 8083)
   defining Unicode char U+1F94 (decimal 8084)
   defining Unicode char U+1F95 (decimal 8085)
   defining Unicode char U+1F96 (decimal 8086)
   defining Unicode char U+1F97 (decimal 8087)
   defining Unicode char U+1F98 (decimal 8088)
   defining Unicode char U+1F99 (decimal 8089)
   defining Unicode char U+1F9A (decimal 8090)
   defining Unicode char U+1F9B (decimal 8091)
   defining Unicode char U+1F9C (decimal 8092)
   defining Unicode char U+1F9D (decimal 8093)
   defining Unicode char U+1F9E (decimal 8094)
   defining Unicode char U+1F9F (decimal 8095)
   defining Unicode char U+1FA0 (decimal 8096)
   defining Unicode char U+1FA1 (decimal 8097)
   defining Unicode char U+1FA2 (decimal 8098)
   defining Unicode char U+1FA3 (decimal 8099)
   defining Unicode char U+1FA4 (decimal 8100)
   defining Unicode char U+1FA5 (decimal 8101)
   defining Unicode char U+1FA6 (decimal 8102)
   defining Unicode char U+1FA7 (decimal 8103)
   defining Unicode char U+1FA8 (decimal 8104)
   defining Unicode char U+1FA9 (decimal 8105)
   defining Unicode char U+1FAA (decimal 8106)
   defining Unicode char U+1FAB (decimal 8107)
   defining Unicode char U+1FAC (decimal 8108)
   defining Unicode char U+1FAD (decimal 8109)
   defining Unicode char U+1FAE (decimal 8110)
   defining Unicode char U+1FAF (decimal 8111)
   defining Unicode char U+1FB0 (decimal 8112)
   defining Unicode char U+1FB1 (decimal 8113)
   defining Unicode char U+1FB2 (decimal 8114)
   defining Unicode char U+1FB3 (decimal 8115)
   defining Unicode char U+1FB4 (decimal 8116)
   defining Unicode char U+1FB6 (decimal 8118)
   defining Unicode char U+1FB7 (decimal 8119)
   defining Unicode char U+1FB8 (decimal 8120)
   defining Unicode char U+1FB9 (decimal 8121)
   defining Unicode char U+1FBA (decimal 8122)
   defining Unicode char U+1FBB (decimal 8123)
   defining Unicode char U+1FBC (decimal 8124)
   defining Unicode char U+1FBD (decimal 8125)
   defining Unicode char U+1FBE (decimal 8126)
   defining Unicode char U+1FBF (decimal 8127)
   defining Unicode char U+1FC0 (decimal 8128)
   defining Unicode char U+1FC1 (decimal 8129)
   defining Unicode char U+1FC2 (decimal 8130)
   defining Unicode char U+1FC3 (decimal 8131)
   defining Unicode char U+1FC4 (decimal 8132)
   defining Unicode char U+1FC6 (decimal 8134)
   defining Unicode char U+1FC7 (decimal 8135)
   defining Unicode char U+1FC8 (decimal 8136)
   defining Unicode char U+1FC9 (decimal 8137)
   defining Unicode char U+1FCA (decimal 8138)
   defining Unicode char U+1FCB (decimal 8139)
   defining Unicode char U+1FCC (decimal 8140)
   defining Unicode char U+1FCD (decimal 8141)
   defining Unicode char U+1FCE (decimal 8142)
   defining Unicode char U+1FCF (decimal 8143)
   defining Unicode char U+1FD0 (decimal 8144)
   defining Unicode char U+1FD1 (decimal 8145)
   defining Unicode char U+1FD2 (decimal 8146)
   defining Unicode char U+1FD3 (decimal 8147)
   defining Unicode char U+1FD6 (decimal 8150)
   defining Unicode char U+1FD7 (decimal 8151)
   defining Unicode char U+1FD8 (decimal 8152)
   defining Unicode char U+1FD9 (decimal 8153)
   defining Unicode char U+1FDA (decimal 8154)
   defining Unicode char U+1FDB (decimal 8155)
   defining Unicode char U+1FDD (decimal 8157)
   defining Unicode char U+1FDE (decimal 8158)
   defining Unicode char U+1FDF (decimal 8159)
   defining Unicode char U+1FE0 (decimal 8160)
   defining Unicode char U+1FE1 (decimal 8161)
   defining Unicode char U+1FE2 (decimal 8162)
   defining Unicode char U+1FE3 (decimal 8163)
   defining Unicode char U+1FE4 (decimal 8164)
   defining Unicode char U+1FE5 (decimal 8165)
   defining Unicode char U+1FE6 (decimal 8166)
   defining Unicode char U+1FE7 (decimal 8167)
   defining Unicode char U+1FE8 (decimal 8168)
   defining Unicode char U+1FE9 (decimal 8169)
   defining Unicode char U+1FEA (decimal 8170)
   defining Unicode char U+1FEB (decimal 8171)
   defining Unicode char U+1FEC (decimal 8172)
   defining Unicode char U+1FED (decimal 8173)
   defining Unicode char U+1FEE (decimal 8174)
   defining Unicode char U+1FEF (decimal 8175)
   defining Unicode char U+1FF2 (decimal 8178)
   defining Unicode char U+1FF3 (decimal 8179)
   defining Unicode char U+1FF4 (decimal 8180)
   defining Unicode char U+1FF6 (decimal 8182)
   defining Unicode char U+1FF7 (decimal 8183)
   defining Unicode char U+1FF8 (decimal 8184)
   defining Unicode char U+1FF9 (decimal 8185)
   defining Unicode char U+1FFA (decimal 8186)
   defining Unicode char U+1FFB (decimal 8187)
   defining Unicode char U+1FFC (decimal 8188)
   defining Unicode char U+1FFD (decimal 8189)
   defining Unicode char U+1FFE (decimal 8190)
   defining Unicode char U+2013 (decimal 8211)
   defining Unicode char U+2014 (decimal 8212)
   defining Unicode char U+2018 (decimal 8216)
   defining Unicode char U+2019 (decimal 8217)
   defining Unicode char U+201A (decimal 8218)
   defining Unicode char U+2030 (decimal 8240)
   defining Unicode char U+2039 (decimal 8249)
   defining Unicode char U+203A (decimal 8250)
   defining Unicode char U+20AC (decimal 8364)
   defining Unicode char U+2126 (decimal 8486)
   defining Unicode char U+10144 (decimal 65860)
   defining Unicode char U+10145 (decimal 65861)
   defining Unicode char U+10146 (decimal 65862)
   defining Unicode char U+10147 (decimal 65863)
) (/usr/share/texlive/texmf-dist/tex/latex/greek-fontenc/greek-fontenc.def
File: greek-fontenc.def 2020/10/30 2.0 Common Greek font encoding definitions
))
Package textgreek Info: Loaded fontmap: {eur/*/*}{U/eur/*/*} {phv/*/*}{U/psy/*/*}. on input line 69.
) (/usr/share/texlive/texmf-dist/tex/latex/base/inputenc.sty
Package: inputenc 2021/02/14 v1.3d Input encoding file
\inpenc@prehook=\toks20
\inpenc@posthook=\toks21
) (/usr/share/texlive/texmf-dist/tex/latex/xcolor/xcolor.sty
Package: xcolor 2021/10/31 v2.13 LaTeX color extensions (UK)
 (/usr/share/texlive/texmf-dist/tex/latex/graphics-cfg/color.cfg
File: color.cfg 2016/01/02 v1.6 sample color configuration
)
Package xcolor Info: Driver file: pdftex.def on input line 227.
 (/usr/share/texlive/texmf-dist/tex/latex/graphics-def/pdftex.def
File: pdftex.def 2020/10/05 v1.2a Graphics/color driver for pdftex
) (/usr/share/texlive/texmf-dist/tex/latex/colortbl/colortbl.sty
Package: colortbl 2020/01/04 v1.0e Color table columns (DPC)
 (/usr/share/texlive/texmf-dist/tex/latex/tools/array.sty
Package: array 2021/10/04 v2.5f Tabular extension package (FMi)
\col@sep=\dimen148
\ar@mcellbox=\box50
\extrarowheight=\dimen149
\NC@list=\toks22
\extratabsurround=\skip49
\backup@length=\skip50
\ar@cellbox=\box51
)
\everycr=\toks23
\minrowclearance=\skip51
)
\rownum=\count273
Package xcolor Info: Model `cmy' substituted by `cmy0' on input line 1352.
Package xcolor Info: Model `hsb' substituted by `rgb' on input line 1356.
Package xcolor Info: Model `RGB' extended on input line 1368.
Package xcolor Info: Model `HTML' substituted by `rgb' on input line 1370.
Package xcolor Info: Model `Hsb' substituted by `hsb' on input line 1371.
Package xcolor Info: Model `tHsb' substituted by `hsb' on input line 1372.
Package xcolor Info: Model `HSB' substituted by `hsb' on input line 1373.
Package xcolor Info: Model `Gray' substituted by `gray' on input line 1374.
Package xcolor Info: Model `wave' substituted by `hsb' on input line 1375.
) (/usr/share/texlive/texmf-dist/tex/latex/pdflscape/pdflscape.sty
Package: pdflscape 2019/12/05 v0.12 Display of landscape pages in PDF (HO)
 (/usr/share/texlive/texmf-dist/tex/latex/graphics/lscape.sty
Package: lscape 2020/05/28 v3.02 Landscape Pages (DPC)
 (/usr/share/texlive/texmf-dist/tex/latex/graphics/graphics.sty
Package: graphics 2021/03/04 v1.4d Standard LaTeX Graphics (DPC,SPQR)
 (/usr/share/texlive/texmf-dist/tex/latex/graphics/trig.sty
Package: trig 2021/08/11 v1.11 sin cos tan (DPC)
) (/usr/share/texlive/texmf-dist/tex/latex/graphics-cfg/graphics.cfg
File: graphics.cfg 2016/06/04 v1.11 sample graphics configuration
)
Package graphics Info: Driver file: pdftex.def on input line 107.
))
Package pdflscape Info: Auto-detected driver: pdftex on input line 81.
) (/usr/share/texlive/texmf-dist/tex/latex/graphics/rotating.sty
Package: rotating 2016/08/11 v2.16d rotated objects in LaTeX
 (/usr/share/texlive/texmf-dist/tex/latex/graphics/graphicx.sty
Package: graphicx 2021/09/16 v1.2d Enhanced LaTeX Graphics (DPC,SPQR)
\Gin@req@height=\dimen150
\Gin@req@width=\dimen151
) (/usr/share/texlive/texmf-dist/tex/latex/base/ifthen.sty
Package: ifthen 2020/11/24 v1.1c Standard LaTeX ifthen package (DPC)
)
\c@r@tfl@t=\count274
\rotFPtop=\skip52
\rotFPbot=\skip53
\rot@float@box=\box52
\rot@mess@toks=\toks24
) (/usr/share/texlive/texmf-dist/tex/latex/booktabs/booktabs.sty
Package: booktabs 2020/01/12 v1.61803398 Publication quality tables
\heavyrulewidth=\dimen152
\lightrulewidth=\dimen153
\cmidrulewidth=\dimen154
\belowrulesep=\dimen155
\belowbottomsep=\dimen156
\aboverulesep=\dimen157
\abovetopsep=\dimen158
\cmidrulesep=\dimen159
\cmidrulekern=\dimen160
\defaultaddspace=\dimen161
\@cmidla=\count275
\@cmidlb=\count276
\@aboverulesep=\dimen162
\@belowrulesep=\dimen163
\@thisruleclass=\count277
\@lastruleclass=\count278
\@thisrulewidth=\dimen164
) (/usr/share/texlive/texmf-dist/tex/latex/tools/tabularx.sty
Package: tabularx 2020/01/15 v2.11c `tabularx' package (DPC)
\TX@col@width=\dimen165
\TX@old@table=\dimen166
\TX@old@col=\dimen167
\TX@target=\dimen168
\TX@delta=\dimen169
\TX@cols=\count279
\TX@ftn=\toks25
) (/usr/share/texlive/texmf-dist/tex/latex/caption/caption.sty
Package: caption 2020/10/26 v3.5g Customizing captions (AR)
 (/usr/share/texlive/texmf-dist/tex/latex/caption/caption3.sty
Package: caption3 2020/10/21 v2.2e caption3 kernel (AR)
\captionmargin=\dimen170
\captionmargin@=\dimen171
\captionwidth=\dimen172
\caption@tempdima=\dimen173
\caption@indent=\dimen174
\caption@parindent=\dimen175
\caption@hangindent=\dimen176
Package caption Info: Standard document class detected.
)
\c@caption@flags=\count280
\c@continuedfloat=\count281
Package caption Info: rotating package is loaded.
) (/usr/share/texlive/texmf-dist/tex/latex/caption/subcaption.sty
Package: subcaption 2020/10/07 v1.3j Sub-captions (AR)
\c@subfigure=\count282
\c@subtable=\count283
) (/usr/share/texlive/texmf-dist/tex/latex/hyperref/hyperref.sty
Package: hyperref 2021-06-07 v7.00m Hypertext links for LaTeX
 (/usr/share/texlive/texmf-dist/tex/generic/ltxcmds/ltxcmds.sty
Package: ltxcmds 2020-05-10 v1.25 LaTeX kernel commands for general use (HO)
) (/usr/share/texlive/texmf-dist/tex/generic/pdftexcmds/pdftexcmds.sty
Package: pdftexcmds 2020-06-27 v0.33 Utility functions of pdfTeX for LuaTeX (HO)
 (/usr/share/texlive/texmf-dist/tex/generic/infwarerr/infwarerr.sty
Package: infwarerr 2019/12/03 v1.5 Providing info/warning/error messages (HO)
)
Package pdftexcmds Info: \pdf@primitive is available.
Package pdftexcmds Info: \pdf@ifprimitive is available.
Package pdftexcmds Info: \pdfdraftmode found.
) (/usr/share/texlive/texmf-dist/tex/generic/kvsetkeys/kvsetkeys.sty
Package: kvsetkeys 2019/12/15 v1.18 Key value parser (HO)
) (/usr/share/texlive/texmf-dist/tex/generic/kvdefinekeys/kvdefinekeys.sty
Package: kvdefinekeys 2019-12-19 v1.6 Define keys (HO)
) (/usr/share/texlive/texmf-dist/tex/generic/pdfescape/pdfescape.sty
Package: pdfescape 2019/12/09 v1.15 Implements pdfTeX's escape features (HO)
) (/usr/share/texlive/texmf-dist/tex/latex/hycolor/hycolor.sty
Package: hycolor 2020-01-27 v1.10 Color options for hyperref/bookmark (HO)
) (/usr/share/texlive/texmf-dist/tex/latex/letltxmacro/letltxmacro.sty
Package: letltxmacro 2019/12/03 v1.6 Let assignment for LaTeX macros (HO)
) (/usr/share/texlive/texmf-dist/tex/latex/auxhook/auxhook.sty
Package: auxhook 2019-12-17 v1.6 Hooks for auxiliary files (HO)
) (/usr/share/texlive/texmf-dist/tex/latex/kvoptions/kvoptions.sty
Package: kvoptions 2020-10-07 v3.14 Key value format for package options (HO)
)
\@linkdim=\dimen177
\Hy@linkcounter=\count284
\Hy@pagecounter=\count285
 (/usr/share/texlive/texmf-dist/tex/latex/hyperref/pd1enc.def
File: pd1enc.def 2021-06-07 v7.00m Hyperref: PDFDocEncoding definition (HO)
Now handling font encoding PD1 ...
... no UTF-8 mapping file for font encoding PD1
) (/usr/share/texlive/texmf-dist/tex/latex/hyperref/hyperref-langpatches.def
File: hyperref-langpatches.def 2021-06-07 v7.00m Hyperref: patches for babel languages
) (/usr/share/texlive/texmf-dist/tex/generic/intcalc/intcalc.sty
Package: intcalc 2019/12/15 v1.3 Expandable calculations with integers (HO)
) (/usr/share/texlive/texmf-dist/tex/generic/etexcmds/etexcmds.sty
Package: etexcmds 2019/12/15 v1.7 Avoid name clashes with e-TeX commands (HO)
)
\Hy@SavedSpaceFactor=\count286
 (/usr/share/texlive/texmf-dist/tex/latex/hyperref/puenc.def
File: puenc.def 2021-06-07 v7.00m Hyperref: PDF Unicode definition (HO)
Now handling font encoding PU ...
... no UTF-8 mapping file for font encoding PU
 (/usr/share/texlive/texmf-dist/tex/latex/hyperref/puenc-greekbasic.def
File: puenc-greekbasic.def 2021-06-07 v7.00m Hyperref: PDF Unicode definition (greek block) (HO)
))
Package hyperref Info: Option `hyperfootnotes' set `false' on input line 4073.
Package hyperref Info: Hyper figures OFF on input line 4192.
Package hyperref Info: Link nesting OFF on input line 4197.
Package hyperref Info: Hyper index ON on input line 4200.
Package hyperref Info: Plain pages OFF on input line 4207.
Package hyperref Info: Backreferencing OFF on input line 4212.
Package hyperref Info: Implicit mode ON; LaTeX internals redefined.
Package hyperref Info: Bookmarks ON on input line 4445.
\c@Hy@tempcnt=\count287
 (/usr/share/texlive/texmf-dist/tex/latex/url/url.sty
\Urlmuskip=\muskip16
Package: url 2013/09/16  ver 3.4  Verb mode for urls, etc.
)
LaTeX Info: Redefining \url on input line 4804.
\XeTeXLinkMargin=\dimen178
 (/usr/share/texlive/texmf-dist/tex/generic/bitset/bitset.sty
Package: bitset 2019/12/09 v1.3 Handle bit-vector datatype (HO)
 (/usr/share/texlive/texmf-dist/tex/generic/bigintcalc/bigintcalc.sty
Package: bigintcalc 2019/12/15 v1.5 Expandable calculations on big integers (HO)
))
\Fld@menulength=\count288
\Field@Width=\dimen179
\Fld@charsize=\dimen180
Package hyperref Info: Hyper figures OFF on input line 6076.
Package hyperref Info: Link nesting OFF on input line 6081.
Package hyperref Info: Hyper index ON on input line 6084.
Package hyperref Info: backreferencing OFF on input line 6091.
Package hyperref Info: Link coloring OFF on input line 6096.
Package hyperref Info: Link coloring with OCG OFF on input line 6101.
Package hyperref Info: PDF/A mode OFF on input line 6106.
LaTeX Info: Redefining \ref on input line 6146.
LaTeX Info: Redefining \pageref on input line 6150.
 (/usr/share/texlive/texmf-dist/tex/latex/base/atbegshi-ltx.sty
Package: atbegshi-ltx 2021/01/10 v1.0c Emulation of the original atbegshi
package with kernel methods
)
\Hy@abspage=\count289
\c@Item=\count290
)
Package hyperref Info: Driver (autodetected): hpdftex.
 (/usr/share/texlive/texmf-dist/tex/latex/hyperref/hpdftex.def
File: hpdftex.def 2021-06-07 v7.00m Hyperref driver for pdfTeX
 (/usr/share/texlive/texmf-dist/tex/latex/base/atveryend-ltx.sty
Package: atveryend-ltx 2020/08/19 v1.0a Emulation of the original atveryend package
with kernel methods
)
\Fld@listcount=\count291
\c@bookmark@seq@number=\count292
 (/usr/share/texlive/texmf-dist/tex/latex/rerunfilecheck/rerunfilecheck.sty
Package: rerunfilecheck 2019/12/05 v1.9 Rerun checks for auxiliary files (HO)
 (/usr/share/texlive/texmf-dist/tex/generic/uniquecounter/uniquecounter.sty
Package: uniquecounter 2019/12/15 v1.4 Provide unlimited unique counter (HO)
)
Package uniquecounter Info: New unique counter `rerunfilecheck' on input line 286.
)
\Hy@SectionHShift=\skip54
) (/usr/share/texlive/texmf-dist/tex/latex/tocbibind/tocbibind.sty
Package: tocbibind 2010/10/13 v1.5k extra ToC listings
Package tocbibind Info: The document has section divisions on input line 50.


Package tocbibind Note: Using section or other style headings.

) (/usr/share/texlive/texmf-dist/tex/latex/base/makeidx.sty
Package: makeidx 2021/10/04 v1.0m Standard LaTeX package
) (/usr/share/texlive/texmf-dist/tex/latex/base/fontenc.sty
Package: fontenc 2021/04/29 v2.0v Standard LaTeX package
LaTeX Font Info:    Trying to load font information for T1+ptm on input line 112.
 (/usr/share/texlive/texmf-dist/tex/latex/psnfss/t1ptm.fd
File: t1ptm.fd 2001/06/04 font definitions for T1/ptm.
)) (/usr/share/texlive/texmf-dist/tex/latex/nomencl/nomencl.sty
Package: nomencl 2021/11/10 v5.6 Nomenclature package
 (/usr/share/texlive/texmf-dist/tex/latex/xkeyval/xkeyval.sty
Package: xkeyval 2020/11/20 v2.8 package option processing (HA)
 (/usr/share/texlive/texmf-dist/tex/generic/xkeyval/xkeyval.tex (/usr/share/texlive/texmf-dist/tex/generic/xkeyval/xkvutils.tex
\XKV@toks=\toks26
\XKV@tempa@toks=\toks27
)
\XKV@depth=\count293
File: xkeyval.tex 2014/12/03 v2.7a key=value parser (HA)
)) (/usr/share/texlive/texmf-dist/tex/latex/koma-script/tocbasic.sty
Package: tocbasic 2021/11/13 v3.35 KOMA-Script package (handling toc-files)
 (/usr/share/texlive/texmf-dist/tex/latex/koma-script/scrbase.sty
Package: scrbase 2021/11/13 v3.35 KOMA-Script package (KOMA-Script-independent basics and keyval usage)
 (/usr/share/texlive/texmf-dist/tex/latex/koma-script/scrlfile.sty
Package: scrlfile 2021/11/13 v3.35 KOMA-Script package (file load hooks)
 (/usr/share/texlive/texmf-dist/tex/latex/koma-script/scrlfile-hook.sty
Package: scrlfile-hook 2021/11/13 v3.35 KOMA-Script package (using LaTeX hooks)
 (/usr/share/texlive/texmf-dist/tex/latex/koma-script/scrlogo.sty
Package: scrlogo 2021/11/13 v3.35 KOMA-Script package (logo)
)))
Applying: [2021/05/01] Usage of raw or classic option list on input line 252.
Already applied: [0000/00/00] Usage of raw or classic option list on input line 368.
)
\scr@dte@tocline@numberwidth=\skip55
\scr@dte@tocline@numbox=\box53
)
Package tocbasic Info: setting babel extension for `nlo' on input line 187.
Package tocbasic Info: setting babel extension for `nls' on input line 188.
\nomlabelwidth=\dimen181
\nom@tempdim=\dimen182
\nomitemsep=\skip56
) (/usr/share/texlive/texmf-dist/tex/latex/fancyhdr/fancyhdr.sty
Package: fancyhdr 2021/01/28 v4.0.1 Extensive control of page headers and footers
\f@nch@headwidth=\skip57
\f@nch@O@elh=\skip58
\f@nch@O@erh=\skip59
\f@nch@O@olh=\skip60
\f@nch@O@orh=\skip61
\f@nch@O@elf=\skip62
\f@nch@O@erf=\skip63
\f@nch@O@olf=\skip64
\f@nch@O@orf=\skip65
) (/usr/share/texlive/texmf-dist/tex/latex/natbib/natbib.sty
Package: natbib 2010/09/13 8.31b (PWD, AO)
\bibhang=\skip66
\bibsep=\skip67
LaTeX Info: Redefining \cite on input line 694.
\c@NAT@ctr=\count294
) (/usr/share/texlive/texmf-dist/tex/latex/amsmath/amsmath.sty
Package: amsmath 2021/10/15 v2.17l AMS math features
\@mathmargin=\skip68

For additional information on amsmath, use the `?' option.
(/usr/share/texlive/texmf-dist/tex/latex/amsmath/amstext.sty
Package: amstext 2021/08/26 v2.01 AMS text
 (/usr/share/texlive/texmf-dist/tex/latex/amsmath/amsgen.sty
File: amsgen.sty 1999/11/30 v2.0 generic functions
\@emptytoks=\toks28
\ex@=\dimen183
)) (/usr/share/texlive/texmf-dist/tex/latex/amsmath/amsbsy.sty
Package: amsbsy 1999/11/29 v1.2d Bold Symbols
\pmbraise@=\dimen184
) (/usr/share/texlive/texmf-dist/tex/latex/amsmath/amsopn.sty
Package: amsopn 2021/08/26 v2.02 operator names
)
\inf@bad=\count295
LaTeX Info: Redefining \frac on input line 234.
\uproot@=\count296
\leftroot@=\count297
LaTeX Info: Redefining \overline on input line 399.
\classnum@=\count298
\DOTSCASE@=\count299
LaTeX Info: Redefining \ldots on input line 496.
LaTeX Info: Redefining \dots on input line 499.
LaTeX Info: Redefining \cdots on input line 620.
\Mathstrutbox@=\box54
\strutbox@=\box55
\big@size=\dimen185
LaTeX Font Info:    Redeclaring font encoding OML on input line 743.
LaTeX Font Info:    Redeclaring font encoding OMS on input line 744.
\macc@depth=\count300
\c@MaxMatrixCols=\count301
\dotsspace@=\muskip17
\c@parentequation=\count302
\dspbrk@lvl=\count303
\tag@help=\toks29
\row@=\count304
\column@=\count305
\maxfields@=\count306
\andhelp@=\toks30
\eqnshift@=\dimen186
\alignsep@=\dimen187
\tagshift@=\dimen188
\tagwidth@=\dimen189
\totwidth@=\dimen190
\lineht@=\dimen191
\@envbody=\toks31
\multlinegap=\skip69
\multlinetaggap=\skip70
\mathdisplay@stack=\toks32
LaTeX Info: Redefining \[ on input line 2938.
LaTeX Info: Redefining \] on input line 2939.
) (/usr/share/texlive/texmf-dist/tex/latex/setspace/setspace.sty
Package: setspace 2011/12/19 v6.7a set line spacing
) (/usr/share/texlive/texmf-dist/tex/latex/footmisc/footmisc.sty
Package: footmisc 2011/06/06 v5.5b a miscellany of footnote facilities
\FN@temptoken=\toks33
\footnotemargin=\dimen192
\c@pp@next@reset=\count307
Package footmisc Info: Declaring symbol style bringhurst on input line 855.
Package footmisc Info: Declaring symbol style chicago on input line 863.
Package footmisc Info: Declaring symbol style wiley on input line 872.
Package footmisc Info: Declaring symbol style lamport-robust on input line 883.
Package footmisc Info: Declaring symbol style lamport* on input line 903.
Package footmisc Info: Declaring symbol style lamport*-robust on input line 924.
) (/usr/share/texlive/texmf-dist/tex/latex/tools/longtable.sty
Package: longtable 2021-09-01 v4.17 Multi-page Table package (DPC)
\LTleft=\skip71
\LTright=\skip72
\LTpre=\skip73
\LTpost=\skip74
\LTchunksize=\count308
\LTcapwidth=\dimen193
\LT@head=\box56
\LT@firsthead=\box57
\LT@foot=\box58
\LT@lastfoot=\box59
\LT@gbox=\box60
\LT@cols=\count309
\LT@rows=\count310
\c@LT@tables=\count311
\c@LT@chunks=\count312
\LT@p@ftn=\toks34
) (/usr/share/texlive/texmf-dist/tex/latex/tocloft/tocloft.sty
Package: tocloft 2017/08/31 v2.3i parameterised ToC, etc., typesetting
Package tocloft Info: The document has section divisions on input line 51.
\cftparskip=\skip75
\cftbeforetoctitleskip=\skip76
\cftaftertoctitleskip=\skip77
\cftbeforepartskip=\skip78
\cftpartnumwidth=\skip79
\cftpartindent=\skip80
\cftbeforesecskip=\skip81
\cftsecindent=\skip82
\cftsecnumwidth=\skip83
\cftbeforesubsecskip=\skip84
\cftsubsecindent=\skip85
\cftsubsecnumwidth=\skip86
\cftbeforesubsubsecskip=\skip87
\cftsubsubsecindent=\skip88
\cftsubsubsecnumwidth=\skip89
\cftbeforeparaskip=\skip90
\cftparaindent=\skip91
\cftparanumwidth=\skip92
\cftbeforesubparaskip=\skip93
\cftsubparaindent=\skip94
\cftsubparanumwidth=\skip95
\cftbeforeloftitleskip=\skip96
\cftafterloftitleskip=\skip97
\cftbeforefigskip=\skip98
\cftfigindent=\skip99
\cftfignumwidth=\skip100
\c@lofdepth=\count313
\c@lotdepth=\count314
\cftbeforelottitleskip=\skip101
\cftafterlottitleskip=\skip102
\cftbeforetabskip=\skip103
\cfttabindent=\skip104
\cfttabnumwidth=\skip105
) (/usr/share/texlive/texmf-dist/tex/latex/enumitem/enumitem.sty
Package: enumitem 2019/06/20 v3.9 Customized lists
\labelindent=\skip106
\enit@outerparindent=\dimen194
\enit@toks=\toks35
\enit@inbox=\box61
\enit@count@id=\count315
\enitdp@description=\count316
) (/usr/share/texlive/texmf-dist/tex/latex/listings/listings.sty
\lst@mode=\count317
\lst@gtempboxa=\box62
\lst@token=\toks36
\lst@length=\count318
\lst@currlwidth=\dimen195
\lst@column=\count319
\lst@pos=\count320
\lst@lostspace=\dimen196
\lst@width=\dimen197
\lst@newlines=\count321
\lst@lineno=\count322
\lst@maxwidth=\dimen198
 (/usr/share/texlive/texmf-dist/tex/latex/listings/lstmisc.sty
File: lstmisc.sty 2020/03/24 1.8d (Carsten Heinz)
\c@lstnumber=\count323
\lst@skipnumbers=\count324
\lst@framebox=\box63
) (/usr/share/texlive/texmf-dist/tex/latex/listings/listings.cfg
File: listings.cfg 2020/03/24 1.8d listings configuration
))
Package: listings 2020/03/24 1.8d (Carsten Heinz)
 (/usr/share/texlive/texmf-dist/tex/latex/zref/zref.sty
Package: zref 2020-07-03 v2.32 A new reference scheme for LaTeX (HO)
 (/usr/share/texlive/texmf-dist/tex/latex/zref/zref-base.sty
Package: zref-base 2020-07-03 v2.32 Module base for zref (HO)
Package zref Info: New property list: main on input line 764.
Package zref Info: New property: default on input line 765.
Package zref Info: New property: page on input line 766.
)) (/usr/share/texlive/texmf-dist/tex/latex/glossaries/base/glossaries.sty
Package: glossaries 2021/11/01 v4.49 (NLCT)
 (/usr/share/texlive/texmf-dist/tex/latex/mfirstuc/mfirstuc.sty
Package: mfirstuc 2021/10/15 v2.07 (NLCT)
\@glsmfirst=\toks37
\@glsmrest=\toks38
) (/usr/share/texlive/texmf-dist/tex/latex/textcase/textcase.sty
Package: textcase 2019/09/14 v1.00 Text only upper/lower case changing (DPC)
) (/usr/share/texlive/texmf-dist/tex/latex/xfor/xfor.sty
Package: xfor 2009/02/05 v1.05 (NLCT)
) (/usr/share/texlive/texmf-dist/tex/latex/datatool/datatool-base.sty
Package: datatool-base 2019/09/27 v2.32 (NLCT)
 (/usr/share/texlive/texmf-dist/tex/latex/substr/substr.sty
Package: substr 2009/10/20 v1.2 Handle substrings
\c@su@anzahl=\count325
) (/usr/share/texlive/texmf-dist/tex/latex/datatool/datatool-fp.sty
Package: datatool-fp 2019/09/27 v2.32 (NLCT)
 (/usr/share/texlive/texmf-dist/tex/latex/fp/fp.sty
Package: fp 1995/04/02
 `Fixed Point Package', Version 0.8, April 2, 1995 (C) Michael Mehlich (/usr/share/texlive/texmf-dist/tex/latex/fp/defpattern.sty
Package: defpattern 1994/10/12
\actioncount=\count326
) (/usr/share/texlive/texmf-dist/tex/latex/fp/fp-basic.sty
Package: fp-basic 1996/05/13
\FP@xs=\count327
\FP@xia=\count328
\FP@xib=\count329
\FP@xfa=\count330
\FP@xfb=\count331
\FP@rega=\count332
\FP@regb=\count333
\FP@regs=\count334
\FP@times=\count335
) (/usr/share/texlive/texmf-dist/tex/latex/fp/fp-addons.sty
Package: fp-addons 1995/03/15
) (/usr/share/texlive/texmf-dist/tex/latex/fp/fp-snap.sty
Package: fp-snap 1995/04/05
) (/usr/share/texlive/texmf-dist/tex/latex/fp/fp-exp.sty
Package: fp-exp 1995/04/03
) (/usr/share/texlive/texmf-dist/tex/latex/fp/fp-trigo.sty
Package: fp-trigo 1995/04/14
) (/usr/share/texlive/texmf-dist/tex/latex/fp/fp-pas.sty
Package: fp-pas 1994/08/29
) (/usr/share/texlive/texmf-dist/tex/latex/fp/fp-random.sty
Package: fp-random 1995/02/23
\FPseed=\count336
) (/usr/share/texlive/texmf-dist/tex/latex/fp/fp-eqn.sty
Package: fp-eqn 1995/04/03
) (/usr/share/texlive/texmf-dist/tex/latex/fp/fp-upn.sty
Package: fp-upn 1996/10/21
) (/usr/share/texlive/texmf-dist/tex/latex/fp/fp-eval.sty
Package: fp-eval 1995/04/03
)))
\@dtl@toks=\toks39
\@dtl@tmpcount=\count337
\dtl@tmplength=\skip107
\dtl@sortresult=\count338
\@dtl@numgrpsepcount=\count339
\@dtl@datatype=\count340
\dtl@codeA=\count341
\dtl@codeB=\count342
\@dtl@foreach@level=\count343
) (/usr/share/texlive/texmf-dist/tex/latex/glossaries/base/glossaries-compatible-307.sty
Package: glossaries-compatible-307 2021/11/01 v4.49 (NLCT)
)
\gls@level=\count344
\@gls@tmpb=\toks40
\gls@tmplen=\skip108
\glskeylisttok=\toks41
\glslabeltok=\toks42
\glsshorttok=\toks43
\glslongtok=\toks44
 (/usr/share/texlive/texmf-dist/tex/latex/glossaries/styles/glossary-hypernav.sty
Package: glossary-hypernav 2021/11/01 v4.49 (NLCT)
) (/usr/share/texlive/texmf-dist/tex/latex/glossaries/styles/glossary-list.sty
Package: glossary-list 2021/11/01 v4.49 (NLCT)
\glslistdottedwidth=\skip109
) (/usr/share/texlive/texmf-dist/tex/latex/glossaries/styles/glossary-long.sty
Package: glossary-long 2021/11/01 v4.49 (NLCT)
\glsdescwidth=\skip110
\glspagelistwidth=\skip111
) (/usr/share/texlive/texmf-dist/tex/latex/glossaries/styles/glossary-super.sty
Package: glossary-super 2021/11/01 v4.49 (NLCT)
 (/usr/share/texlive/texmf-dist/tex/latex/supertabular/supertabular.sty
Package: supertabular 2020/02/02 v4.1g the supertabular environment
\c@tracingst=\count345
\ST@wd=\dimen199
\ST@rightskip=\skip112
\ST@leftskip=\skip113
\ST@parfillskip=\skip114
\ST@pageleft=\dimen256
\ST@headht=\dimen257
\ST@tailht=\dimen258
\ST@pagesofar=\dimen259
\ST@pboxht=\dimen260
\ST@lineht=\dimen261
\ST@prevht=\dimen262
\ST@toadd=\dimen263
\ST@dimen=\dimen264
\ST@pbox=\box64
)) (/usr/share/texlive/texmf-dist/tex/latex/glossaries/styles/glossary-tree.sty
Package: glossary-tree 2021/11/01 v4.49 (NLCT)
\glstreeindent=\skip115
)) (/usr/share/texlive/texmf-dist/tex/latex/glossaries/base/glossaries-babel.sty
Package: glossaries-babel 2021/11/01 v4.49 (NLCT)
 (/usr/share/texlive/texmf-dist/tex/latex/tracklang/tracklang.sty
Package: tracklang 2020/06/30 v1.5 (NLCT) Track Languages
 (/usr/share/texlive/texmf-dist/tex/generic/tracklang/tracklang.tex)) (/usr/share/texlive/texmf-dist/tex/latex/glossaries-german/glossaries-german.ldf
File: glossaries-german.ldf 2014/11/23 v1.0
)) (/usr/share/texlive/texmf-dist/tex/latex/lipsum/lipsum.sty (/usr/share/texlive/texmf-dist/tex/latex/l3packages/l3keys2e/l3keys2e.sty (/usr/share/texlive/texmf-dist/tex/latex/l3kernel/expl3.sty
Package: expl3 2022-01-21 L3 programming layer (loader) 
 (/usr/share/texlive/texmf-dist/tex/latex/l3backend/l3backend-pdftex.def
File: l3backend-pdftex.def 2022-01-12 L3 backend support: PDF output (pdfTeX)
\l__color_backend_stack_int=\count346
\l__pdf_internal_box=\box65
))
Package: l3keys2e 2022-01-12 LaTeX2e option processing using LaTeX3 keys
)
Package: lipsum 2021-09-20 v2.7 150 paragraphs of Lorem Ipsum dummy text
\g__lipsum_par_int=\count347
\l__lipsum_a_int=\count348
\l__lipsum_b_int=\count349
 (/usr/share/texlive/texmf-dist/tex/latex/lipsum/lipsum.ltd.tex)) (/usr/share/texlive/texmf-dist/tex/latex/environ/environ.sty
Package: environ 2014/05/04 v0.3 A new way to define environments
 (/usr/share/texlive/texmf-dist/tex/latex/trimspaces/trimspaces.sty
Package: trimspaces 2009/09/17 v1.1 Trim spaces around a token list
))
Package hyperref Info: Option `colorlinks' set `true' on input line 111.
Package zref Info: New property: appsec on input line 176.
\@indexfile=\write3
\openout3 = `Projektarbeit.idx'.


Writing index file Projektarbeit.idx
\@nomenclaturefile=\write4
\openout4 = `Projektarbeit.nlo'.

Package nomencl Info: Writing nomenclature file Projektarbeit.nlo on input line 209.
\glswrite=\write5
\glo@main@file=\write6
\openout6 = `Projektarbeit.glo'.

Package glossaries Info: Writing glossary file Projektarbeit.glo on input line 210.
Package hyperref Info: Option `bookmarksopen' set `false' on input line 225.
Package hyperref Info: Option `bookmarksnumbered' set `true' on input line 225.

Package csquotes Warning: Load 'inputenc' before 'csquotes' on input line 279.

Package csquotes Info: Checking for multilingual support...
Package csquotes Info: ... found 'babel' package.
Package csquotes Info: Adjusting default style.
Package csquotes Info: Redefining alias 'default' -> 'ngerman'.
(./Projektarbeit.aux (./pages/10_titel_seminar.aux) (./pages/12_inhaltsverzeichnis.aux) (./pages/13_abkuerzungsverzeichnis.aux) (./pages/15_abbildungsverzeichnis.aux) (./chapter/20_kapitel.aux) (./chapter/Jeremy.aux

LaTeX Warning: Label `fig:placeholder' multiply defined.

) (./chapter/Max.aux) (./chapter/Anton.aux) (./chapter/30_anhang.aux) (./pages/19_index.aux) (./pages/20_erklaerung.aux))
\openout1 = `Projektarbeit.aux'.

LaTeX Font Info:    Checking defaults for OML/cmm/m/it on input line 279.
LaTeX Font Info:    ... okay on input line 279.
LaTeX Font Info:    Checking defaults for OMS/cmsy/m/n on input line 279.
LaTeX Font Info:    ... okay on input line 279.
LaTeX Font Info:    Checking defaults for OT1/cmr/m/n on input line 279.
LaTeX Font Info:    ... okay on input line 279.
LaTeX Font Info:    Checking defaults for T1/cmr/m/n on input line 279.
LaTeX Font Info:    ... okay on input line 279.
LaTeX Font Info:    Checking defaults for TS1/cmr/m/n on input line 279.
LaTeX Font Info:    ... okay on input line 279.
LaTeX Font Info:    Checking defaults for OMX/cmex/m/n on input line 279.
LaTeX Font Info:    ... okay on input line 279.
LaTeX Font Info:    Checking defaults for U/cmr/m/n on input line 279.
LaTeX Font Info:    ... okay on input line 279.
LaTeX Font Info:    Checking defaults for LGR/cmr/m/n on input line 279.
LaTeX Font Info:    Trying to load font information for LGR+cmr on input line 279.
 (/usr/share/texlive/texmf-dist/tex/latex/cbfonts-fd/lgrcmr.fd
File: lgrcmr.fd 2017/07/29 v1.2 Greek European Computer Regular
)
LaTeX Font Info:    ... okay on input line 279.
LaTeX Font Info:    Checking defaults for PD1/pdf/m/n on input line 279.
LaTeX Font Info:    ... okay on input line 279.
LaTeX Font Info:    Checking defaults for PU/pdf/m/n on input line 279.
LaTeX Font Info:    ... okay on input line 279.

*geometry* driver: auto-detecting
*geometry* detected driver: pdftex
*geometry* verbose mode - [ preamble ] result:
* driver: pdftex
* paper: a4paper
* layout: <same size as paper>
* layoutoffset:(h,v)=(0.0pt,0.0pt)
* modes: includehead 
* h-part:(L,W,R)=(85.35826pt, 455.24411pt, 56.9055pt)
* v-part:(T,H,B)=(56.9055pt, 731.23584pt, 56.9055pt)
* \paperwidth=597.50787pt
* \paperheight=845.04684pt
* \textwidth=455.24411pt
* \textheight=694.23584pt
* \oddsidemargin=13.08827pt
* \evensidemargin=13.08827pt
* \topmargin=-15.36449pt
* \headheight=12.0pt
* \headsep=25.0pt
* \topskip=12.0pt
* \footskip=30.0pt
* \marginparwidth=35.0pt
* \marginparsep=10.0pt
* \columnsep=10.0pt
* \skip\footins=10.8pt plus 4.0pt minus 2.0pt
* \hoffset=0.0pt
* \voffset=0.0pt
* \mag=1000
* \@twocolumnfalse
* \@twosidefalse
* \@mparswitchfalse
* \@reversemarginfalse
* (1in=72.27pt=25.4mm, 1cm=28.453pt)

(/usr/share/texlive/texmf-dist/tex/context/base/mkii/supp-pdf.mkii
[Loading MPS to PDF converter (version 2006.09.02).]
\scratchcounter=\count350
\scratchdimen=\dimen265
\scratchbox=\box66
\nofMPsegments=\count351
\nofMParguments=\count352
\everyMPshowfont=\toks45
\MPscratchCnt=\count353
\MPscratchDim=\dimen266
\MPnumerator=\count354
\makeMPintoPDFobject=\count355
\everyMPtoPDFconversion=\toks46
) (/usr/share/texlive/texmf-dist/tex/latex/epstopdf-pkg/epstopdf-base.sty
Package: epstopdf-base 2020-01-24 v2.11 Base part for package epstopdf
Package epstopdf-base Info: Redefining graphics rule for `.eps' on input line 485.
 (/usr/share/texlive/texmf-dist/tex/latex/latexconfig/epstopdf-sys.cfg
File: epstopdf-sys.cfg 2010/07/13 v1.3 Configuration of (r)epstopdf for TeX Live
))
Package caption Info: Begin \AtBeginDocument code.
Package caption Info: hyperref package is loaded.
Package caption Info: listings package is loaded.
Package caption Info: longtable package is loaded.
 (/usr/share/texlive/texmf-dist/tex/latex/caption/ltcaption.sty
Package: ltcaption 2020/05/30 v1.4b longtable captions (AR)
)
Package caption Info: supertabular package is loaded.
Package caption Info: End \AtBeginDocument code.
Package hyperref Info: Link coloring ON on input line 279.
 (/usr/share/texlive/texmf-dist/tex/latex/hyperref/nameref.sty
Package: nameref 2021-04-02 v2.47 Cross-referencing by name of section
 (/usr/share/texlive/texmf-dist/tex/latex/refcount/refcount.sty
Package: refcount 2019/12/15 v3.6 Data extraction from label references (HO)
) (/usr/share/texlive/texmf-dist/tex/generic/gettitlestring/gettitlestring.sty
Package: gettitlestring 2019/12/15 v1.6 Cleanup title references (HO)
)
\c@section@level=\count356
)
LaTeX Info: Redefining \ref on input line 279.
LaTeX Info: Redefining \pageref on input line 279.
LaTeX Info: Redefining \nameref on input line 279.
 (./Projektarbeit.out) (./Projektarbeit.out)
\@outlinefile=\write7
\openout7 = `Projektarbeit.out'.

\c@lstlisting=\count357
\openout2 = `pages/10_titel_seminar.aux'.

 (./pages/10_titel_seminar.tex
LaTeX Font Info:    Trying to load font information for OT1+ztmcm on input line 21.
 (/usr/share/texlive/texmf-dist/tex/latex/psnfss/ot1ztmcm.fd
File: ot1ztmcm.fd 2000/01/03 Fontinst v1.801 font definitions for OT1/ztmcm.
)
LaTeX Font Info:    Trying to load font information for OML+ztmcm on input line 21.
 (/usr/share/texlive/texmf-dist/tex/latex/psnfss/omlztmcm.fd
File: omlztmcm.fd 2000/01/03 Fontinst v1.801 font definitions for OML/ztmcm.
)
LaTeX Font Info:    Trying to load font information for OMS+ztmcm on input line 21.
 (/usr/share/texlive/texmf-dist/tex/latex/psnfss/omsztmcm.fd
File: omsztmcm.fd 2000/01/03 Fontinst v1.801 font definitions for OMS/ztmcm.
)
LaTeX Font Info:    Trying to load font information for OMX+ztmcm on input line 21.
 (/usr/share/texlive/texmf-dist/tex/latex/psnfss/omxztmcm.fd
File: omxztmcm.fd 2000/01/03 Fontinst v1.801 font definitions for OMX/ztmcm.
)
LaTeX Font Info:    Trying to load font information for OT1+ptm on input line 21.
 (/usr/share/texlive/texmf-dist/tex/latex/psnfss/ot1ptm.fd
File: ot1ptm.fd 2001/06/04 font definitions for OT1/ptm.
)
LaTeX Font Info:    Font shape `OT1/ptm/bx/n' in size <12> not available
(Font)              Font shape `OT1/ptm/b/n' tried instead on input line 21.
LaTeX Font Info:    Font shape `OT1/ptm/bx/n' in size <9> not available
(Font)              Font shape `OT1/ptm/b/n' tried instead on input line 21.
LaTeX Font Info:    Font shape `OT1/ptm/bx/n' in size <7> not available
(Font)              Font shape `OT1/ptm/b/n' tried instead on input line 21.
 [1

\openout5 = `Projektarbeit.ist'.


{/var/lib/texmf/fonts/map/pdftex/updmap/pdftex.map}])
\openout2 = `pages/12_inhaltsverzeichnis.aux'.

 (./pages/12_inhaltsverzeichnis.tex (./Projektarbeit.toc [2



])
\tf@toc=\write8
\openout8 = `Projektarbeit.toc'.



Package fancyhdr Warning: \headheight is too small (12.0pt): 
(fancyhdr)                Make it at least 14.49998pt, for example:
(fancyhdr)                \setlength{\headheight}{14.49998pt}.
(fancyhdr)                You might also make \topmargin smaller to compensate:
(fancyhdr)                \addtolength{\topmargin}{-2.49998pt}.

[3])
\openout2 = `pages/13_abkuerzungsverzeichnis.aux'.

 (./pages/13_abkuerzungsverzeichnis.tex
No file Projektarbeit.nls.

LaTeX Warning: Hyper reference `acro:CAC' on page IV undefined on input line 27.


LaTeX Warning: Hyper reference `acro:CAC' on page IV undefined on input line 27.


LaTeX Warning: Hyper reference `acro:ML' on page IV undefined on input line 30.


LaTeX Warning: Hyper reference `acro:ML' on page IV undefined on input line 30.


Package fancyhdr Warning: \headheight is too small (12.0pt): 
(fancyhdr)                Make it at least 14.49998pt, for example:
(fancyhdr)                \setlength{\headheight}{14.49998pt}.
(fancyhdr)                You might also make \topmargin smaller to compensate:
(fancyhdr)                \addtolength{\topmargin}{-2.49998pt}.

[4



])
\openout2 = `pages/15_abbildungsverzeichnis.aux'.

 (./pages/15_abbildungsverzeichnis.tex (./Projektarbeit.lof
Overfull \hbox (0.44072pt too wide) in paragraph at lines 3--3
 [][] [][][]\T1/ptm/m/n/12 Systemarchitektur von KARL Di-ag-nos-tics mit Fahrzeu-gan-bindung, Zusatzhard- 
 []


Overfull \hbox (8.54051pt too wide) in paragraph at lines 7--7
 [][] [][][]\T1/ptm/m/n/12 Fachkräfteengpass in den Berufen der Mecha-tron-ik (2611) in Deutsch-land ([][]Statis- 
 []

)
\tf@lof=\write9
\openout9 = `Projektarbeit.lof'.

 [5



])
\openout2 = `chapter/20_kapitel.aux'.

 (./chapter/20_kapitel.tex)
\openout2 = `chapter/Jeremy.aux'.

 (./chapter/Jeremy.tex
Package acronym Info: Label `acro:KARL' newly defined as it shall be overridden
although it is yet undefined on input line 2.
Package acronym Info: Label `acro:E2E' newly defined as it shall be overridden
although it is yet undefined on input line 2.
Package acronym Info: Label `acro:OBD' newly defined as it shall be overridden
although it is yet undefined on input line 2.
Package acronym Info: Label `acro:CAN' newly defined as it shall be overridden
although it is yet undefined on input line 2.
Package acronym Info: Label `acro:KI' newly defined as it shall be overridden
although it is yet undefined on input line 2.
Package acronym Info: Label `acro:FTFR' newly defined as it shall be overridden
although it is yet undefined on input line 4.
Package acronym Info: Label `acro:OEM' newly defined as it shall be overridden
although it is yet undefined on input line 4.
Package acronym Info: Label `acro:OTA' newly defined as it shall be overridden
although it is yet undefined on input line 4.
Package acronym Info: Label `acro:SaaS' newly defined as it shall be overridden
although it is yet undefined on input line 6.
Package acronym Info: Label `acro:B2B' newly defined as it shall be overridden
although it is yet undefined on input line 6.
LaTeX Font Info:    Trying to load font information for TS1+ptm on input line 6.
 (/usr/share/texlive/texmf-dist/tex/latex/psnfss/ts1ptm.fd
File: ts1ptm.fd 2001/06/04 font definitions for TS1/ptm.
)
Package acronym Info: Label `acro:MVP' newly defined as it shall be overridden
although it is yet undefined on input line 8.
Package acronym Info: Label `acro:B2C' newly defined as it shall be overridden
although it is yet undefined on input line 8.

Underfull \hbox (badness 10000) in paragraph at lines 2--9

 []


Underfull \hbox (badness 10000) in paragraph at lines 2--9

 []


Overfull \hbox (0.76485pt too wide) in paragraph at lines 2--9
\T1/ptm/m/n/12 Der Markt wird getrieben von Elek-tri-fizierung, soft-ware-definierten Fahrzeu-gen und ver-schärften
 []


Underfull \hbox (badness 10000) in paragraph at lines 2--9

 []


Overfull \hbox (5.10849pt too wide) in paragraph at lines 2--9
\T1/ptm/m/n/12 Hardware- und Software-[][][]Minimum Vi-able Prod-uct ([])[] bilden den Re-al-isierungs-plan, angfan-
 []


Overfull \hbox (0.30031pt too wide) in paragraph at lines 2--9
\T1/ptm/m/n/12 Kun-den. Nach rund zwölf Monat-en fol-gt der Mark-tein-tritt in Deutsch-land mit Fokus auf kleinere
 []


Overfull \hbox (10.64212pt too wide) in paragraph at lines 2--9
\T1/ptm/m/n/12 sensaus-tausch, rechtliche Fra-gen zur Daten-nutzung, [][]-Wettbewerb, In-vesti-tions-be-darf) begeg-
 []


Package fancyhdr Warning: \headheight is too small (12.0pt): 
(fancyhdr)                Make it at least 14.49998pt, for example:
(fancyhdr)                \setlength{\headheight}{14.49998pt}.
(fancyhdr)                You might also make \topmargin smaller to compensate:
(fancyhdr)                \addtolength{\topmargin}{-2.49998pt}.

[1






]

Package fancyhdr Warning: \headheight is too small (12.0pt): 
(fancyhdr)                Make it at least 14.49998pt, for example:
(fancyhdr)                \setlength{\headheight}{14.49998pt}.
(fancyhdr)                You might also make \topmargin smaller to compensate:
(fancyhdr)                \addtolength{\topmargin}{-2.49998pt}.

[2]
<images/Hardware/obd_cable.JPG, id=380, 1238.91429pt x 825.94286pt>
File: images/Hardware/obd_cable.JPG Graphic file (type jpg)
<use images/Hardware/obd_cable.JPG>
Package pdftex.def Info: images/Hardware/obd_cable.JPG  used on input line 28.
(pdftex.def)             Requested size: 204.85846pt x 136.56454pt.
<images/Hardware/obd_wifi.JPG, id=381, 1238.91429pt x 825.94286pt>
File: images/Hardware/obd_wifi.JPG Graphic file (type jpg)
<use images/Hardware/obd_wifi.JPG>
Package pdftex.def Info: images/Hardware/obd_wifi.JPG  used on input line 35.
(pdftex.def)             Requested size: 204.85846pt x 136.56454pt.


Package fancyhdr Warning: \headheight is too small (12.0pt): 
(fancyhdr)                Make it at least 14.49998pt, for example:
(fancyhdr)                \setlength{\headheight}{14.49998pt}.
(fancyhdr)                You might also make \topmargin smaller to compensate:
(fancyhdr)                \addtolength{\topmargin}{-2.49998pt}.

[3 <./images/Hardware/obd_cable.JPG> <./images/Hardware/obd_wifi.JPG>]
Overfull \hbox (1.70381pt too wide) in paragraph at lines 49--50
[]\T1/ptm/m/n/12 Die Ag-gre-ga-tion aller er-fassten In-for-ma-tio-nen er-fol-gt in der Cloud. Dort analysieren KI-Modelle
 []


Overfull \hbox (23.56287pt too wide) in paragraph at lines 49--50
\T1/ptm/m/n/12 Das Sys-tem greift dabei sowohl auf of-fizielle Her-steller-doku-men-ta-tio-nen als auch auf Er-fahrungswis-
 []


Overfull \hbox (4.73927pt too wide) in paragraph at lines 49--50
\T1/ptm/m/n/12 Prob-le-men bere-it-stellen. Durch die In-te-gra-tion von Schwarmintel-li-genz aus Online-Communities
 []

<images//Hardware/ChatGPT Image Aug 31, 2025, 04_03_25 PM.png, id=390, 1541.76pt x 1027.84pt>
File: images//Hardware/ChatGPT Image Aug 31, 2025, 04_03_25 PM.png Graphic file (type png)
<use images//Hardware/ChatGPT Image Aug 31, 2025, 04_03_25 PM.png>
Package pdftex.def Info: images//Hardware/ChatGPT Image Aug 31, 2025, 04_03_25 PM.png  used on input line 53.
(pdftex.def)             Requested size: 455.24411pt x 303.49248pt.

Overfull \hbox (7.55481pt too wide) in paragraph at lines 62--63
[]\T1/ptm/m/n/12 Abbildung [][]3.3[][] zeigt die Gesamtar-chitek-tur des Sys-tems sowie die wichtig-sten Funk-tions-bausteine
 []


Package fancyhdr Warning: \headheight is too small (12.0pt): 
(fancyhdr)                Make it at least 14.49998pt, for example:
(fancyhdr)                \setlength{\headheight}{14.49998pt}.
(fancyhdr)                You might also make \topmargin smaller to compensate:
(fancyhdr)                \addtolength{\topmargin}{-2.49998pt}.

[4 <./images//Hardware/ChatGPT Image Aug 31, 2025, 04_03_25 PM.png (PNG copy)>]
Overfull \hbox (7.38785pt too wide) in paragraph at lines 67--68
\T1/ptm/m/n/12 dafür ve-r-ant-wortlich, aus ein-er Vielzahl het-ero-gen-er Daten-quellen eine präzise Di-ag-nose abzuleit-
 []


Overfull \hbox (10.91641pt too wide) in paragraph at lines 75--76
[]\T1/ptm/m/n/12 Die eigentliche Di-ag-nose er-fol-gt über eine Hy-pothe-sen-gener-ierung, bei der ver-schiedene mögliche
 []


Package fancyhdr Warning: \headheight is too small (12.0pt): 
(fancyhdr)                Make it at least 14.49998pt, for example:
(fancyhdr)                \setlength{\headheight}{14.49998pt}.
(fancyhdr)                You might also make \topmargin smaller to compensate:
(fancyhdr)                \addtolength{\topmargin}{-2.49998pt}.

[5]
Overfull \hbox (0.33496pt too wide) in paragraph at lines 77--78
[]\T1/ptm/m/n/12 Ein weit-er-er wesentlich-er Be-standteil der Ar-chitek-tur ist die kon-tinuier-liche Verbesserung. Neue
 []


Package fancyhdr Warning: \headheight is too small (12.0pt): 
(fancyhdr)                Make it at least 14.49998pt, for example:
(fancyhdr)                \setlength{\headheight}{14.49998pt}.
(fancyhdr)                You might also make \topmargin smaller to compensate:
(fancyhdr)                \addtolength{\topmargin}{-2.49998pt}.

[6]
<images//wettbewerb/statistic_id39416_aufwand-fuer-verschleiss-pro-pkw-in-deutschland-2024.png, id=409, 1003.75pt x 745.78625pt>
File: images//wettbewerb/statistic_id39416_aufwand-fuer-verschleiss-pro-pkw-in-deutschland-2024.png Graphic file (type png)
<use images//wettbewerb/statistic_id39416_aufwand-fuer-verschleiss-pro-pkw-in-deutschland-2024.png>
Package pdftex.def Info: images//wettbewerb/statistic_id39416_aufwand-fuer-verschleiss-pro-pkw-in-deutschland-2024.png  used on input line 89.
(pdftex.def)             Requested size: 341.43307pt x 253.68915pt.
<images//wettbewerb/statistic_id39415_wartungsaufwand-pro-pkw-in-deutschland-bis-2024.png, id=418, 1003.75pt x 745.78625pt>
File: images//wettbewerb/statistic_id39415_wartungsaufwand-pro-pkw-in-deutschland-bis-2024.png Graphic file (type png)
<use images//wettbewerb/statistic_id39415_wartungsaufwand-pro-pkw-in-deutschland-bis-2024.png>
Package pdftex.def Info: images//wettbewerb/statistic_id39415_wartungsaufwand-pro-pkw-in-deutschland-bis-2024.png  used on input line 98.
(pdftex.def)             Requested size: 341.43307pt x 253.68915pt.


LaTeX Warning: `!h' float specifier changed to `!ht'.


Package fancyhdr Warning: \headheight is too small (12.0pt): 
(fancyhdr)                Make it at least 14.49998pt, for example:
(fancyhdr)                \setlength{\headheight}{14.49998pt}.
(fancyhdr)                You might also make \topmargin smaller to compensate:
(fancyhdr)                \addtolength{\topmargin}{-2.49998pt}.

[7 <./images//wettbewerb/statistic_id39416_aufwand-fuer-verschleiss-pro-pkw-in-deutschland-2024.png>]
<images//wettbewerb/Statista-Market-Insights--Automobile-Weltweit--Absatz-nach-Segmenten.png, id=432, 1099.10625pt x 752.8125pt>
File: images//wettbewerb/Statista-Market-Insights--Automobile-Weltweit--Absatz-nach-Segmenten.png Graphic file (type png)
<use images//wettbewerb/Statista-Market-Insights--Automobile-Weltweit--Absatz-nach-Segmenten.png>
Package pdftex.def Info: images//wettbewerb/Statista-Market-Insights--Automobile-Weltweit--Absatz-nach-Segmenten.png  used on input line 107.
(pdftex.def)             Requested size: 341.43307pt x 233.85191pt.

Overfull \hbox (0.48825pt too wide) in paragraph at lines 112--113
\T1/ptm/m/n/12 dass die Nach-frage nach Fahrzeu-gen seit dem pan-demiebe-d-ingten Ein-bruch im Jahr 2020 wieder
 []


Package fancyhdr Warning: \headheight is too small (12.0pt): 
(fancyhdr)                Make it at least 14.49998pt, for example:
(fancyhdr)                \setlength{\headheight}{14.49998pt}.
(fancyhdr)                You might also make \topmargin smaller to compensate:
(fancyhdr)                \addtolength{\topmargin}{-2.49998pt}.

[8 <./images//wettbewerb/statistic_id39415_wartungsaufwand-pro-pkw-in-deutschland-bis-2024.png> <./images//wettbewerb/Statista-Market-Insights--Automobile-Weltweit--Absatz-nach-Segmenten.png>]
<images/wettbewerb/fach_engpass.png, id=446, 1192.455pt x 268.00125pt>
File: images/wettbewerb/fach_engpass.png Graphic file (type png)
<use images/wettbewerb/fach_engpass.png>
Package pdftex.def Info: images/wettbewerb/fach_engpass.png  used on input line 118.
(pdftex.def)             Requested size: 318.66948pt x 71.61703pt.
<images/wettbewerb/legnde_fach.png, id=447, 312.41719pt x 134.00063pt>
File: images/wettbewerb/legnde_fach.png Graphic file (type png)
<use images/wettbewerb/legnde_fach.png>
Package pdftex.def Info: images/wettbewerb/legnde_fach.png  used on input line 125.
(pdftex.def)             Requested size: 118.36096pt x 50.76535pt.

Underfull \hbox (badness 10000) in paragraph at lines 126--126
[]\T1/ptm/b/n/10.95 (b) |\T1/ptm/m/n/10.95 Leg-ende Fachkräf-
 []


Underfull \hbox (badness 10000) in paragraph at lines 134--137

 []


Overfull \hbox (1.8719pt too wide) in paragraph at lines 134--137
\T1/ptm/m/n/12 nieren, eröff-nen steigende Wartungskosten zusät-zliche Um-satzpoten-ziale. Gle-ichzeit-ig er-fordern
 []


Overfull \hbox (8.29144pt too wide) in paragraph at lines 134--137
\T1/ptm/m/n/12 hochspezial-isierten Tech-nikern re-duziert wird. Gle-ichzeit-ig prof-i-tieren Be-triebe von ein-er höheren
 []


Overfull \hbox (2.73108pt too wide) in paragraph at lines 134--137
\T1/ptm/m/n/12 steigen-der Kom-plex-ität mod-ern-er Fahrzeuge er-le-ichtert und die Wet-tbe-werb-s-fähigkeit langfristig
 []


Package fancyhdr Warning: \headheight is too small (12.0pt): 
(fancyhdr)                Make it at least 14.49998pt, for example:
(fancyhdr)                \setlength{\headheight}{14.49998pt}.
(fancyhdr)                You might also make \topmargin smaller to compensate:
(fancyhdr)                \addtolength{\topmargin}{-2.49998pt}.

[9 <./images/wettbewerb/fach_engpass.png> <./images/wettbewerb/legnde_fach.png>]
Underfull \hbox (badness 10000) in paragraph at lines 139--144

 []


Underfull \hbox (badness 10000) in paragraph at lines 139--144

 []


Package fancyhdr Warning: \headheight is too small (12.0pt): 
(fancyhdr)                Make it at least 14.49998pt, for example:
(fancyhdr)                \setlength{\headheight}{14.49998pt}.
(fancyhdr)                You might also make \topmargin smaller to compensate:
(fancyhdr)                \addtolength{\topmargin}{-2.49998pt}.

[10])

Package fancyhdr Warning: \headheight is too small (12.0pt): 
(fancyhdr)                Make it at least 14.49998pt, for example:
(fancyhdr)                \setlength{\headheight}{14.49998pt}.
(fancyhdr)                You might also make \topmargin smaller to compensate:
(fancyhdr)                \addtolength{\topmargin}{-2.49998pt}.

[11]
\openout2 = `chapter/Max.aux'.

 (./chapter/Max.tex
Overfull \hbox (15.29787pt too wide) in paragraph at lines 4--5
\T1/ptm/m/n/12 isierung, geführte Prüf-pläne, Teile- und Repara-turempfehlun-gen, per-spek-tivisch DMS-Integration).
 []


Overfull \hbox (3.26247pt too wide) in paragraph at lines 7--9
\T1/ptm/m/n/12 ver-schiede-nen Kun-den-grup-pen haben un-ter-schiedliche An-forderun-gen: Kleine Werk-stät-ten acht-
 []


Underfull \hbox (badness 10000) in paragraph at lines 7--9

 []

Package acronym Info: Label `acro:CARL' newly defined as it shall be overridden
although it is yet undefined on input line 11.
Package acronym Info: Label `acro:KARLA' newly defined as it shall be overridden
although it is yet undefined on input line 11.

Overfull \hbox (2.65259pt too wide) in paragraph at lines 10--12
\T1/ptm/m/n/12 Fehler-pri-or-isierung, geführte Prüf-pläne und Teileempfehlun-gen bere-it-gestellt wer-den. Das ganze
 []


Underfull \hbox (badness 10000) in paragraph at lines 10--12

 []


Package fancyhdr Warning: \headheight is too small (12.0pt): 
(fancyhdr)                Make it at least 14.49998pt, for example:
(fancyhdr)                \setlength{\headheight}{14.49998pt}.
(fancyhdr)                You might also make \topmargin smaller to compensate:
(fancyhdr)                \addtolength{\topmargin}{-2.49998pt}.

[12



]
Package acronym Info: Label `acro:DTC' newly defined as it shall be overridden
although it is yet undefined on input line 14.

Overfull \hbox (20.65936pt too wide) in paragraph at lines 13--15
\T1/ptm/m/n/12 Der Mark-tzu-gang kom-biniert di-rek-ten [][][]Vertrieb (De-mos und Test-stel-lun-gen) mit Part-nerkanälen
 []


Overfull \hbox (15.23587pt too wide) in paragraph at lines 13--15
\T1/ptm/m/n/12 Messen und Ver-band-sar-beit er-höhen die Glaub-würdigkeit in kon-ser-va-tiv-en Beschaf-fungsprozessen,
 []


Underfull \hbox (badness 10000) in paragraph at lines 13--15

 []


Overfull \hbox (6.93668pt too wide) in paragraph at lines 16--18
\T1/ptm/m/n/12 Wir be-gleit-en un-sere Kun-den Schritt für Schritt. Von der Ein-führung bis zur langfristi-gen Nutzung
 []


Underfull \hbox (badness 10000) in paragraph at lines 16--18

 []

Package acronym Info: Label `acro:SLA' newly defined as it shall be overridden
although it is yet undefined on input line 20.

Underfull \hbox (badness 10000) in paragraph at lines 19--21

 []

Package acronym Info: Label `acro:DMS' newly defined as it shall be overridden
although it is yet undefined on input line 23.

Underfull \hbox (badness 10000) in paragraph at lines 22--24

 []


Package fancyhdr Warning: \headheight is too small (12.0pt): 
(fancyhdr)                Make it at least 14.49998pt, for example:
(fancyhdr)                \setlength{\headheight}{14.49998pt}.
(fancyhdr)                You might also make \topmargin smaller to compensate:
(fancyhdr)                \addtolength{\topmargin}{-2.49998pt}.

[13]
Package acronym Info: Label `acro:CI/CD' newly defined as it shall be overridden
although it is yet undefined on input line 26.

Overfull \hbox (6.78821pt too wide) in paragraph at lines 25--27
\T1/ptm/m/n/12 Im Zen-trum ste-hen En-twick-lung und Be-trieb der Plat-tform mit kurzen Release[]Zyklen, [][][]Continous
 []


Overfull \hbox (30.35632pt too wide) in paragraph at lines 25--27
\T1/ptm/m/n/12 Im-prove-ment Con-ti-nous De-vel-op-ment ([])[], [][][]Update[]Mechanismen und Teleme-trie gestützter
 []


Underfull \hbox (badness 10000) in paragraph at lines 25--27

 []

Package acronym Info: Label `acro:IAM' newly defined as it shall be overridden
although it is yet undefined on input line 29.

Underfull \hbox (badness 10000) in paragraph at lines 28--30

 []

LaTeX Info: Symbol \textrightarrow not provided by
            font family ptm in TS1 encoding.
            Default family used instead on input line 32.

Overfull \hbox (15.11945pt too wide) in paragraph at lines 31--33
\T1/ptm/m/n/12 vicekosten. Mit steigen-der Nutzer-ba-sis verbessert sich der Deck-ungs-beitrag der [][][]Komponente,
 []


Overfull \hbox (0.39563pt too wide) in paragraph at lines 31--33
\T1/ptm/m/n/12 während Hard-ware gezielt mar-gen-scho-nend als Wach-s-tum-streiber einge-set-zt wird. Regelmäÿige
 []


Underfull \hbox (badness 10000) in paragraph at lines 31--33

 []


Overfull \hbox (2.35939pt too wide) in paragraph at lines 36--38
\T1/ptm/m/n/12 Das Magis-che Dreieck beschreibt ein Geschäftsmod-ell ent-lang von vi-er miteinan-der verknüpften
 []


Underfull \hbox (badness 10000) in paragraph at lines 36--38

 []


Package fancyhdr Warning: \headheight is too small (12.0pt): 
(fancyhdr)                Make it at least 14.49998pt, for example:
(fancyhdr)                \setlength{\headheight}{14.49998pt}.
(fancyhdr)                You might also make \topmargin smaller to compensate:
(fancyhdr)                \addtolength{\topmargin}{-2.49998pt}.

[14]
Package acronym Info: Label `acro:SMB' newly defined as it shall be overridden
although it is yet undefined on input line 40.

Overfull \hbox (23.91219pt too wide) in paragraph at lines 39--41
\T1/ptm/m/n/12 Im Zen-trum ste-hen freie und markenge-bun-dene Werk-stät-ten, Ser-viceket-ten sowie mo-bile Mechaniker
 []


Overfull \hbox (5.96582pt too wide) in paragraph at lines 39--41
\T1/ptm/m/n/12 in DACH und Wes-teu-ropa. Die Seg-ment-logik un-ter-schei-det nach Kaufkri-te-rien: [][][]Surface-mounted
 []


Underfull \hbox (badness 10000) in paragraph at lines 39--41

 []


Overfull \hbox (51.31078pt too wide) in paragraph at lines 42--44
\T1/ptm/m/n/12 mit [][] und mo-bil-er App [][]: [][][]gestützte Fehler-pri-or-isierung, geführte Prüf-pläne, Teileempfehlun-
 []


Underfull \hbox (badness 10000) in paragraph at lines 42--44

 []


Overfull \hbox (77.11952pt too wide) in paragraph at lines 45--47
\T1/ptm/m/n/12 und Zusatzmess-geräte, Cloud[]Verarbeitung mit Daten-har-mon-isierung, Mod-ell-train-ing und Telemetrie[]basiertem
 []


Underfull \hbox (badness 10000) in paragraph at lines 45--47

 []


Overfull \hbox (25.40135pt too wide) in paragraph at lines 48--50
\T1/ptm/m/n/12 Das Er-lös-mod-ell ist hy-brid: ein-ma-lige Hard-wa-reer-löse für [][]/[][][]Interfaces und wiederkehrende
 []


Overfull \hbox (6.57509pt too wide) in paragraph at lines 48--50
[][][]\T1/ptm/m/n/12 Lizenzen pro Ar-beit-splatz mit Funktions[] und [][][]Staffelung. Zusät-zliche Um-sätze entste-
 []


Underfull \hbox (badness 10000) in paragraph at lines 48--50

 []


Package fancyhdr Warning: \headheight is too small (12.0pt): 
(fancyhdr)                Make it at least 14.49998pt, for example:
(fancyhdr)                \setlength{\headheight}{14.49998pt}.
(fancyhdr)                You might also make \topmargin smaller to compensate:
(fancyhdr)                \addtolength{\topmargin}{-2.49998pt}.

[15]
Overfull \hbox (24.75267pt too wide) in paragraph at lines 51--53
\T1/ptm/m/n/12 Da Op-ti-mierun-gen an ein-er Ecke stets Rück-wirkun-gen erzeu-gen, muss die Roadmap auf Mehrfachan-
 []


Overfull \hbox (9.7039pt too wide) in paragraph at lines 51--53
\T1/ptm/m/n/12 Zielseg-mente (z.B. der eu-ropäis-che Markt) an-dere In-te-gra-tio-nen und Nach-weise in der Wertschöp-
 []


Underfull \hbox (badness 10000) in paragraph at lines 51--53

 []


Underfull \hbox (badness 10000) in paragraph at lines 64--66

 []


Package fancyhdr Warning: \headheight is too small (12.0pt): 
(fancyhdr)                Make it at least 14.49998pt, for example:
(fancyhdr)                \setlength{\headheight}{14.49998pt}.
(fancyhdr)                You might also make \topmargin smaller to compensate:
(fancyhdr)                \addtolength{\topmargin}{-2.49998pt}.

[16]
Underfull \hbox (badness 10000) in paragraph at lines 67--69

 []


Underfull \hbox (badness 10000) in paragraph at lines 70--72

 []


Overfull \hbox (39.89452pt too wide) in paragraph at lines 73--75
\T1/ptm/m/n/12 plat-tfor-men sowie Werk-stat-taus-rüstern beschle-u-ni-gen Im-ple-men-tierun-gen und re-duzieren Gesamtrisiken
 []


Overfull \hbox (1.6331pt too wide) in paragraph at lines 73--75
\T1/ptm/m/n/12 in den Ein-führungspro-jek-ten. Ein klar definiert-er In-te-gra-tionskat-a-log (APIs, Kon-nek-toren) sowie
 []


Underfull \hbox (badness 10000) in paragraph at lines 73--75

 []


Underfull \hbox (badness 10000) in paragraph at lines 76--78

 []


Underfull \hbox (badness 10000) in paragraph at lines 79--81

 []


Package fancyhdr Warning: \headheight is too small (12.0pt): 
(fancyhdr)                Make it at least 14.49998pt, for example:
(fancyhdr)                \setlength{\headheight}{14.49998pt}.
(fancyhdr)                You might also make \topmargin smaller to compensate:
(fancyhdr)                \addtolength{\topmargin}{-2.49998pt}.

[17]
<images/Our Organization Structure KARL-modified.png, id=583, 1480.78218pt x 362.10281pt>
File: images/Our Organization Structure KARL-modified.png Graphic file (type png)
<use images/Our Organization Structure KARL-modified.png>
Package pdftex.def Info: images/Our Organization Structure KARL-modified.png  used on input line 86.
(pdftex.def)             Requested size: 426.79134pt x 104.3662pt.

Overfull \hbox (19.6636pt too wide) in paragraph at lines 83--90
\T1/ptm/m/n/12 und Mark-te-in-führung der Gesamtlö-sung ef-fizient und mit ho-her Um-set-zungsqual-ität vo-ranzutreiben.
 []


Overfull \hbox (5.96349pt too wide) in paragraph at lines 91--93
\T1/ptm/m/n/12 triebs ist eine Ein-stel-lung von zwei Ver-trieblern ge-plant. Diese sprechen Pi-lotkun-den und Zielseg-
 []


Overfull \hbox (14.39743pt too wide) in paragraph at lines 91--93
\T1/ptm/m/n/12 mente di-rekt an, ko-or-dinieren De-mos, Test-stel-lun-gen und kom-merzielle Ange-bote und übernehmen
 []


Underfull \hbox (badness 10000) in paragraph at lines 91--93

 []


Package fancyhdr Warning: \headheight is too small (12.0pt): 
(fancyhdr)                Make it at least 14.49998pt, for example:
(fancyhdr)                \setlength{\headheight}{14.49998pt}.
(fancyhdr)                You might also make \topmargin smaller to compensate:
(fancyhdr)                \addtolength{\topmargin}{-2.49998pt}.

[18 <./images/Our Organization Structure KARL-modified.png>]
Overfull \hbox (13.77281pt too wide) in paragraph at lines 94--96
\T1/ptm/m/n/12 Führung fördert Au-tonomie und Ve-r-ant-wortlichkeit, gestützt durch klare Ziele, be-last-bare Metriken
 []


Underfull \hbox (badness 10000) in paragraph at lines 94--96

 []

)
Overfull \hbox (3.54813pt too wide) in paragraph at lines 97--308
\T1/ptm/m/n/12 sowie rechtliche Rah-menbe-din-gun-gen beim Daten-zu-griff und der -verarbeitung sind verbindlich-
 []


Package fancyhdr Warning: \headheight is too small (12.0pt): 
(fancyhdr)                Make it at least 14.49998pt, for example:
(fancyhdr)                \setlength{\headheight}{14.49998pt}.
(fancyhdr)                You might also make \topmargin smaller to compensate:
(fancyhdr)                \addtolength{\topmargin}{-2.49998pt}.

[19]
\openout2 = `chapter/Anton.aux'.

 (./chapter/Anton.tex
Underfull \hbox (badness 10000) in paragraph at lines 11--13

 []


Package fancyhdr Warning: \headheight is too small (12.0pt): 
(fancyhdr)                Make it at least 14.49998pt, for example:
(fancyhdr)                \setlength{\headheight}{14.49998pt}.
(fancyhdr)                You might also make \topmargin smaller to compensate:
(fancyhdr)                \addtolength{\topmargin}{-2.49998pt}.

[20



]
<images/RoadMap.png, id=605, 1148.29pt x 436.63126pt>
File: images/RoadMap.png Graphic file (type png)
<use images/RoadMap.png>
Package pdftex.def Info: images/RoadMap.png  used on input line 34.
(pdftex.def)             Requested size: 426.79134pt x 162.2839pt.


Package fancyhdr Warning: \headheight is too small (12.0pt): 
(fancyhdr)                Make it at least 14.49998pt, for example:
(fancyhdr)                \setlength{\headheight}{14.49998pt}.
(fancyhdr)                You might also make \topmargin smaller to compensate:
(fancyhdr)                \addtolength{\topmargin}{-2.49998pt}.

[21 <./images/RoadMap.png>]
Overfull \hbox (25.65074pt too wide) in paragraph at lines 46--48
\T1/ptm/m/n/12 Hinsichtlich des Nutzens und der Qual-ität un-seres Pro-duk-tes lässt sich ein durch unser Geschäftsmod-
 []


Underfull \hbox (badness 10000) in paragraph at lines 51--57

 []


Overfull \hbox (13.44763pt too wide) in paragraph at lines 60--62
\T1/ptm/m/n/12 Chancen, dass sich für KARL Di-ag-nos-tics ein groÿer Markt auf-tut ist durch die ein-fache \T1/ptm/b/n/12 Übertrag-
 []


Package fancyhdr Warning: \headheight is too small (12.0pt): 
(fancyhdr)                Make it at least 14.49998pt, for example:
(fancyhdr)                \setlength{\headheight}{14.49998pt}.
(fancyhdr)                You might also make \topmargin smaller to compensate:
(fancyhdr)                \addtolength{\topmargin}{-2.49998pt}.

[22]
Underfull \hbox (badness 10000) in paragraph at lines 65--66

 []


Overfull \hbox (10.50941pt too wide) in paragraph at lines 71--73
\T1/ptm/b/n/12 Over the air[] -Updates\T1/ptm/m/n/12 , die vor allem durch Tes-la vo-r-angetrieben wer-den, sind in-sofern gefährlich,
 []


Overfull \hbox (23.61612pt too wide) in paragraph at lines 90--96
\T1/ptm/m/n/12 wäh-nt, haben diese eben-falls ein In-ter-esse an der Funk-tion-al-ität un-seres Pro-duk-tes. De-mentsprechend
 []


Overfull \hbox (10.92944pt too wide) in paragraph at lines 90--96
\T1/ptm/m/n/12 kön-nten Au-to-mo-bil-her-steller eigene, konkur-ri-erende Lö-sun-gen en-twick-eln, die eine höhere Daten-
 []


Underfull \hbox (badness 10000) in paragraph at lines 90--96

 []


Package fancyhdr Warning: \headheight is too small (12.0pt): 
(fancyhdr)                Make it at least 14.49998pt, for example:
(fancyhdr)                \setlength{\headheight}{14.49998pt}.
(fancyhdr)                You might also make \topmargin smaller to compensate:
(fancyhdr)                \addtolength{\topmargin}{-2.49998pt}.

[23]
Underfull \hbox (badness 10000) in paragraph at lines 104--105

 []


Underfull \hbox (badness 10000) in paragraph at lines 112--117

 []


Package fancyhdr Warning: \headheight is too small (12.0pt): 
(fancyhdr)                Make it at least 14.49998pt, for example:
(fancyhdr)                \setlength{\headheight}{14.49998pt}.
(fancyhdr)                You might also make \topmargin smaller to compensate:
(fancyhdr)                \addtolength{\topmargin}{-2.49998pt}.

[24]
Overfull \hbox (12.16302pt too wide) in paragraph at lines 121--122
\T1/ptm/m/n/12 Die strate-gis-che Aus-rich-tung des Geschäftsmod-ells basiert auf ein-er um-fassenden SWOT-Analyse,
 []


Package fancyhdr Warning: \headheight is too small (12.0pt): 
(fancyhdr)                Make it at least 14.49998pt, for example:
(fancyhdr)                \setlength{\headheight}{14.49998pt}.
(fancyhdr)                You might also make \topmargin smaller to compensate:
(fancyhdr)                \addtolength{\topmargin}{-2.49998pt}.

[25]
Overfull \hbox (5.0002pt too wide) in paragraph at lines 144--145
\T1/ptm/m/n/12 zahlungsverpflich-tung ist. Zusät-zlich nehmen wir einen Bankkred-it in Höhe von \T1/ptm/b/n/12 800.000\TS1/ptm/b/n/12 ¿
 []


Overfull \hbox (9.25052pt too wide) in paragraph at lines 145--146
[]\T1/ptm/b/n/12 Einnahmen: \T1/ptm/m/n/12 Un-sere Hauptein-nah-men stam-men aus zwei Quellen: dem ein-ma-li-gen Verkauf
 []


Package fancyhdr Warning: \headheight is too small (12.0pt): 
(fancyhdr)                Make it at least 14.49998pt, for example:
(fancyhdr)                \setlength{\headheight}{14.49998pt}.
(fancyhdr)                You might also make \topmargin smaller to compensate:
(fancyhdr)                \addtolength{\topmargin}{-2.49998pt}.

[26]
Overfull \hbox (9.88112pt too wide) in paragraph at lines 154--155
[]\T1/ptm/m/n/12 Modelltraining (A100): \T1/ptm/b/n/12 819,25\TS1/ptm/b/n/12 ¿ \T1/ptm/m/n/12 (25 Stun-den bei 32,77\TS1/ptm/m/n/12 ¿\T1/ptm/m/n/12 /h) ([][]Dat-acrunch[][], [][]2025[][]). 
 []


Package fancyhdr Warning: \headheight is too small (12.0pt): 
(fancyhdr)                Make it at least 14.49998pt, for example:
(fancyhdr)                \setlength{\headheight}{14.49998pt}.
(fancyhdr)                You might also make \topmargin smaller to compensate:
(fancyhdr)                \addtolength{\topmargin}{-2.49998pt}.

[27]
<images/Umsatz und Jahresueberschuss.png, id=686, 1468.48625pt x 557.08125pt>
File: images/Umsatz und Jahresueberschuss.png Graphic file (type png)
<use images/Umsatz und Jahresueberschuss.png>
Package pdftex.def Info: images/Umsatz und Jahresueberschuss.png  used on input line 174.
(pdftex.def)             Requested size: 426.79134pt x 161.90643pt.

Overfull \hbox (8.55582pt too wide) in paragraph at lines 180--181
\T1/ptm/m/n/12 wurde strate-gisch an un-sere Entwicklungs- und Mark-tein-trittsphasen angepasst. Zunächst konzen-
 []

<images/Personalplanungen.png, id=688, 976.64874pt x 601.24625pt>
File: images/Personalplanungen.png Graphic file (type png)
<use images/Personalplanungen.png>
Package pdftex.def Info: images/Personalplanungen.png  used on input line 186.
(pdftex.def)             Requested size: 426.79134pt x 262.74182pt.
<images/Cash Flow per Zeit.png, id=689, 1551.7975pt x 468.75125pt>
File: images/Cash Flow per Zeit.png Graphic file (type png)
<use images/Cash Flow per Zeit.png>
Package pdftex.def Info: images/Cash Flow per Zeit.png  used on input line 195.
(pdftex.def)             Requested size: 426.79134pt x 128.91771pt.

Package fancyhdr Warning: \headheight is too small (12.0pt): 
(fancyhdr)                Make it at least 14.49998pt, for example:
(fancyhdr)                \setlength{\headheight}{14.49998pt}.
(fancyhdr)                You might also make \topmargin smaller to compensate:
(fancyhdr)                \addtolength{\topmargin}{-2.49998pt}.

[28 <./images/Umsatz und Jahresueberschuss.png>]
Overfull \hbox (0.95966pt too wide) in paragraph at lines 202--203
\T1/ptm/m/n/12 ternehmen-sphase op-ti-mal zu deck-en. In der ini-tialen Seed- und Startup-Phase ist es von entschei-
 []


Package fancyhdr Warning: \headheight is too small (12.0pt): 
(fancyhdr)                Make it at least 14.49998pt, for example:
(fancyhdr)                \setlength{\headheight}{14.49998pt}.
(fancyhdr)                You might also make \topmargin smaller to compensate:
(fancyhdr)                \addtolength{\topmargin}{-2.49998pt}.

[29 <./images/Personalplanungen.png> <./images/Cash Flow per Zeit.png>]
<images/Deckungsbeitrag Hochlauf.png, id=703, 888.31876pt x 372.39125pt>
File: images/Deckungsbeitrag Hochlauf.png Graphic file (type png)
<use images/Deckungsbeitrag Hochlauf.png>
Package pdftex.def Info: images/Deckungsbeitrag Hochlauf.png  used on input line 215.
(pdftex.def)             Requested size: 426.79134pt x 178.91055pt.
<images/Q1 2027 Anteil Umsatz.png, id=704, 296.10625pt x 181.67876pt>
File: images/Q1 2027 Anteil Umsatz.png Graphic file (type png)
<use images/Q1 2027 Anteil Umsatz.png>
Package pdftex.def Info: images/Q1 2027 Anteil Umsatz.png  used on input line 229.
(pdftex.def)             Requested size: 204.85846pt x 125.69667pt.
<images/Q4 2028 Anteil Umsatz.png, id=705, 296.10625pt x 181.67876pt>
File: images/Q4 2028 Anteil Umsatz.png Graphic file (type png)
<use images/Q4 2028 Anteil Umsatz.png>
Package pdftex.def Info: images/Q4 2028 Anteil Umsatz.png  used on input line 237.
(pdftex.def)             Requested size: 204.85846pt x 125.69667pt.


Package fancyhdr Warning: \headheight is too small (12.0pt): 
(fancyhdr)                Make it at least 14.49998pt, for example:
(fancyhdr)                \setlength{\headheight}{14.49998pt}.
(fancyhdr)                You might also make \topmargin smaller to compensate:
(fancyhdr)                \addtolength{\topmargin}{-2.49998pt}.

[30 <./images/Deckungsbeitrag Hochlauf.png> <./images/Q1 2027 Anteil Umsatz.png> <./images/Q4 2028 Anteil Umsatz.png>]
<images/Kapital.png, id=715, 936.49875pt x 372.39125pt>
File: images/Kapital.png Graphic file (type png)
<use images/Kapital.png>
Package pdftex.def Info: images/Kapital.png  used on input line 256.
(pdftex.def)             Requested size: 426.79134pt x 169.71103pt.


Package fancyhdr Warning: \headheight is too small (12.0pt): 
(fancyhdr)                Make it at least 14.49998pt, for example:
(fancyhdr)                \setlength{\headheight}{14.49998pt}.
(fancyhdr)                You might also make \topmargin smaller to compensate:
(fancyhdr)                \addtolength{\topmargin}{-2.49998pt}.

[31 <./images/Kapital.png>]
<images/SWOT.png, id=721, 854.19125pt x 824.07875pt>
File: images/SWOT.png Graphic file (type png)
<use images/SWOT.png>
Package pdftex.def Info: images/SWOT.png  used on input line 267.
(pdftex.def)             Requested size: 426.79134pt x 411.73657pt.


LaTeX Warning: No positions in optional float specifier.
               Default added (so using `tbp') on input line 278.


Overfull \hbox (9.48755pt too wide) in paragraph at lines 279--320
[][] 
 []


Package fancyhdr Warning: \headheight is too small (12.0pt): 
(fancyhdr)                Make it at least 14.49998pt, for example:
(fancyhdr)                \setlength{\headheight}{14.49998pt}.
(fancyhdr)                You might also make \topmargin smaller to compensate:
(fancyhdr)                \addtolength{\topmargin}{-2.49998pt}.

[32 <./images/SWOT.png>]

Package fancyhdr Warning: \headheight is too small (12.0pt): 
(fancyhdr)                Make it at least 14.49998pt, for example:
(fancyhdr)                \setlength{\headheight}{14.49998pt}.
(fancyhdr)                You might also make \topmargin smaller to compensate:
(fancyhdr)                \addtolength{\topmargin}{-2.49998pt}.

[33]

LaTeX Warning: No positions in optional float specifier.
               Default added (so using `tbp') on input line 328.


Overfull \hbox (27.42715pt too wide) in paragraph at lines 329--368
[][] 
 []


LaTeX Warning: `!h' float specifier changed to `!ht'.


Overfull \hbox (63.63039pt too wide) in paragraph at lines 408--421
 [][] 
 []


LaTeX Warning: `!h' float specifier changed to `!ht'.


Overfull \hbox (81.63039pt too wide) in paragraph at lines 426--439
 [][] 
 []


LaTeX Warning: `!h' float specifier changed to `!ht'.


Underfull \hbox (badness 10000) in paragraph at lines 503--503
[]|\T1/ptm/m/n/12 Materialkosten pro
 []


Underfull \hbox (badness 10000) in paragraph at lines 503--503
[]|\T1/ptm/m/n/12 kalkulierte Cloud
 []


Underfull \hbox (badness 10000) in paragraph at lines 503--503
[]|\T1/ptm/m/n/12 Trainingskosten
 []


Underfull \hbox (badness 10000) in paragraph at lines 503--503
[]|\T1/ptm/m/n/12 Marketing-
 []


Underfull \hbox (badness 10000) in paragraph at lines 503--503
[]|\T1/ptm/m/n/12 Gesamt-
 []


Overfull \hbox (8.91238pt too wide) in paragraph at lines 503--503
 []|\T1/ptm/m/n/12 98916,17| 
 []


Overfull \hbox (8.91238pt too wide) in paragraph at lines 503--503
 []|\T1/ptm/m/n/12 23916,17| 
 []


Overfull \hbox (8.91238pt too wide) in paragraph at lines 503--503
 []|\T1/ptm/m/n/12 98941,83| 
 []


Overfull \hbox (8.91238pt too wide) in paragraph at lines 503--503
 []|\T1/ptm/m/n/12 23941,83| 
 []


Overfull \hbox (8.91238pt too wide) in paragraph at lines 503--503
 []|\T1/ptm/m/n/12 23941,83| 
 []


Overfull \hbox (2.91238pt too wide) in paragraph at lines 503--503
 []|\T1/ptm/m/n/12 98967,5| 
 []


Overfull \hbox (2.91238pt too wide) in paragraph at lines 503--503
 []|\T1/ptm/m/n/12 23967,5| 
 []


Overfull \hbox (2.91238pt too wide) in paragraph at lines 503--503
 []|\T1/ptm/m/n/12 23967,5| 
 []


Overfull \hbox (14.91238pt too wide) in paragraph at lines 503--503
 []|\T1/ptm/m/n/12 119693,17| 
 []


Overfull \hbox (8.91238pt too wide) in paragraph at lines 503--503
 []|\T1/ptm/m/n/12 44693,17| 
 []


Overfull \hbox (14.91238pt too wide) in paragraph at lines 503--503
 []|\T1/ptm/m/n/12 153843,17| 
 []


Overfull \hbox (8.91238pt too wide) in paragraph at lines 503--503
 []|\T1/ptm/m/n/12 55682,07| 
 []


LaTeX Warning: `!h' float specifier changed to `!ht'.


Overfull \hbox (1.4073pt too wide) in paragraph at lines 535--535
[]|\T1/ptm/m/n/12 Personalkosten| 
 []


Overfull \hbox (0.73506pt too wide) in paragraph at lines 535--535
[]|\T1/ptm/m/n/12 Materialkosten
 []


Overfull \hbox (0.73506pt too wide) in paragraph at lines 535--535
[]|\T1/ptm/m/n/12 Materialkosten| 
 []


Underfull \hbox (badness 10000) in paragraph at lines 535--535
[]|\T1/ptm/m/n/12 L4 GPU
 []


Underfull \hbox (badness 10000) in paragraph at lines 535--535
[]|\T1/ptm/m/n/12 Webseite
 []


Underfull \hbox (badness 10000) in paragraph at lines 535--535
[]|\T1/ptm/m/n/12 kalkulierte
 []


Underfull \hbox (badness 10000) in paragraph at lines 535--535
\T1/ptm/m/n/12 Cloud Spe-
 []


Overfull \hbox (5.65533pt too wide) in paragraph at lines 535--535
[]|\T1/ptm/m/n/12 Trainingskosten
 []


Underfull \hbox (badness 1152) in paragraph at lines 535--535
\T1/ptm/m/n/12 32,77 EUR h
 []


Overfull \hbox (0.54132pt too wide) in paragraph at lines 535--535
 []|\T1/ptm/m/n/12 1062,93| 
 []


Overfull \hbox (0.54132pt too wide) in paragraph at lines 535--535
 []|\T1/ptm/m/n/12 1114,27| 
 []


Underfull \hbox (badness 10000) in paragraph at lines 535--535
[]|\T1/ptm/m/n/12 Marketing-
 []


Underfull \hbox (badness 10000) in paragraph at lines 535--535
\T1/ptm/m/n/12 investitionen
 []


Overfull \hbox (7.27562pt too wide) in paragraph at lines 535--535
[]|\T1/ptm/m/n/12 Abschreibungen| 
 []


Overfull \hbox (8.85924pt too wide) in paragraph at lines 535--535
[]|\T1/ptm/m/n/12 Rueckstellungen| 
 []


Underfull \hbox (badness 10000) in paragraph at lines 535--535
[]|\T1/ptm/m/n/12 Gesamt-
 []


Overfull \hbox (12.54132pt too wide) in paragraph at lines 535--535
 []|\T1/ptm/m/n/12 145258,83| 
 []


Overfull \hbox (6.54132pt too wide) in paragraph at lines 535--535
 []|\T1/ptm/m/n/12 145284,5| 
 []


Overfull \hbox (12.54132pt too wide) in paragraph at lines 535--535
 []|\T1/ptm/m/n/12 145310,17| 
 []


Overfull \hbox (12.54132pt too wide) in paragraph at lines 535--535
 []|\T1/ptm/m/n/12 145335,83| 
 []


Overfull \hbox (6.54132pt too wide) in paragraph at lines 535--535
 []|\T1/ptm/m/n/12 145361,5| 
 []


Overfull \hbox (12.54132pt too wide) in paragraph at lines 535--535
 []|\T1/ptm/m/n/12 150357,17| 
 []


Overfull \hbox (12.54132pt too wide) in paragraph at lines 535--535
 []|\T1/ptm/m/n/12 150382,83| 
 []


Overfull \hbox (6.54132pt too wide) in paragraph at lines 535--535
 []|\T1/ptm/m/n/12 150418,5| 
 []


Overfull \hbox (12.54132pt too wide) in paragraph at lines 535--535
 []|\T1/ptm/m/n/12 150444,17| 
 []


Overfull \hbox (6.54132pt too wide) in paragraph at lines 535--535
 []|\T1/ptm/m/n/12 224815,5| 
 []


Overfull \hbox (12.54132pt too wide) in paragraph at lines 535--535
 []|\T1/ptm/m/n/12 224866,83| 
 []


Overfull \hbox (12.54132pt too wide) in paragraph at lines 535--535
 []|\T1/ptm/m/n/12 224918,17| 
 []


LaTeX Warning: `!h' float specifier changed to `!ht'.


Overfull \hbox (1.4073pt too wide) in paragraph at lines 567--567
[]|\T1/ptm/m/n/12 Personalkosten| 
 []


Overfull \hbox (0.73506pt too wide) in paragraph at lines 567--567
[]|\T1/ptm/m/n/12 Materialkosten
 []


Overfull \hbox (0.73506pt too wide) in paragraph at lines 567--567
[]|\T1/ptm/m/n/12 Materialkosten| 
 []


Overfull \hbox (0.54132pt too wide) in paragraph at lines 567--567
 []|\T1/ptm/m/n/12 1063,33| 
 []


Overfull \hbox (0.54132pt too wide) in paragraph at lines 567--567
 []|\T1/ptm/m/n/12 1136,67| 
 []


Overfull \hbox (0.54132pt too wide) in paragraph at lines 567--567
 []|\T1/ptm/m/n/12 1283,33| 
 []


Overfull \hbox (0.54132pt too wide) in paragraph at lines 567--567
 []|\T1/ptm/m/n/12 1356,67| 
 []


Overfull \hbox (0.54132pt too wide) in paragraph at lines 567--567
 []|\T1/ptm/m/n/12 1503,33| 
 []


Overfull \hbox (0.54132pt too wide) in paragraph at lines 567--567
 []|\T1/ptm/m/n/12 1576,67| 
 []


Underfull \hbox (badness 10000) in paragraph at lines 567--567
[]|\T1/ptm/m/n/12 L4 GPU
 []


Overfull \hbox (0.54132pt too wide) in paragraph at lines 567--567
 []|\T1/ptm/m/n/12 1052,33| 
 []


Overfull \hbox (0.54132pt too wide) in paragraph at lines 567--567
 []|\T1/ptm/m/n/12 1103,67| 
 []


Underfull \hbox (badness 10000) in paragraph at lines 567--567
[]|\T1/ptm/m/n/12 Webseite
 []


Underfull \hbox (badness 10000) in paragraph at lines 567--567
[]|\T1/ptm/m/n/12 kalkulierte
 []


Underfull \hbox (badness 10000) in paragraph at lines 567--567
\T1/ptm/m/n/12 Cloud Spe-
 []


Overfull \hbox (5.65533pt too wide) in paragraph at lines 567--567
[]|\T1/ptm/m/n/12 Trainingskosten
 []


Underfull \hbox (badness 1152) in paragraph at lines 567--567
\T1/ptm/m/n/12 32,77 EUR h
 []


Overfull \hbox (0.54132pt too wide) in paragraph at lines 567--567
 []|\T1/ptm/m/n/12 1216,93| 
 []


Overfull \hbox (0.54132pt too wide) in paragraph at lines 567--567
 []|\T1/ptm/m/n/12 1268,27| 
 []


Overfull \hbox (0.54132pt too wide) in paragraph at lines 567--567
 []|\T1/ptm/m/n/12 1370,93| 
 []


Overfull \hbox (0.54132pt too wide) in paragraph at lines 567--567
 []|\T1/ptm/m/n/12 1422,27| 
 []


Overfull \hbox (0.54132pt too wide) in paragraph at lines 567--567
 []|\T1/ptm/m/n/12 1524,93| 
 []


Overfull \hbox (0.54132pt too wide) in paragraph at lines 567--567
 []|\T1/ptm/m/n/12 1576,27| 
 []


Overfull \hbox (0.54132pt too wide) in paragraph at lines 567--567
 []|\T1/ptm/m/n/12 1678,93| 
 []


Overfull \hbox (0.54132pt too wide) in paragraph at lines 567--567
 []|\T1/ptm/m/n/12 1730,27| 
 []


Underfull \hbox (badness 10000) in paragraph at lines 567--567
[]|\T1/ptm/m/n/12 Marketing-
 []


Underfull \hbox (badness 10000) in paragraph at lines 567--567
\T1/ptm/m/n/12 investitionen
 []


Overfull \hbox (7.27562pt too wide) in paragraph at lines 567--567
[]|\T1/ptm/m/n/12 Abschreibungen| 
 []


Overfull \hbox (8.85924pt too wide) in paragraph at lines 567--567
[]|\T1/ptm/m/n/12 Rueckstellungen| 
 []


Underfull \hbox (badness 10000) in paragraph at lines 567--567
[]|\T1/ptm/m/n/12 Gesamt-
 []


Overfull \hbox (6.54132pt too wide) in paragraph at lines 567--567
 []|\T1/ptm/m/n/12 225169,5| 
 []


Overfull \hbox (12.54132pt too wide) in paragraph at lines 567--567
 []|\T1/ptm/m/n/12 225220,83| 
 []


Overfull \hbox (12.54132pt too wide) in paragraph at lines 567--567
 []|\T1/ptm/m/n/12 225272,17| 
 []


Overfull \hbox (6.54132pt too wide) in paragraph at lines 567--567
 []|\T1/ptm/m/n/12 225323,5| 
 []


Overfull \hbox (12.54132pt too wide) in paragraph at lines 567--567
 []|\T1/ptm/m/n/12 225374,83| 
 []


Overfull \hbox (12.54132pt too wide) in paragraph at lines 567--567
 []|\T1/ptm/m/n/12 225426,17| 
 []


Overfull \hbox (6.54132pt too wide) in paragraph at lines 567--567
 []|\T1/ptm/m/n/12 225477,5| 
 []


Overfull \hbox (12.54132pt too wide) in paragraph at lines 567--567
 []|\T1/ptm/m/n/12 225528,83| 
 []


Overfull \hbox (12.54132pt too wide) in paragraph at lines 567--567
 []|\T1/ptm/m/n/12 225580,17| 
 []


Overfull \hbox (6.54132pt too wide) in paragraph at lines 567--567
 []|\T1/ptm/m/n/12 225631,5| 
 []


Overfull \hbox (12.54132pt too wide) in paragraph at lines 567--567
 []|\T1/ptm/m/n/12 225682,83| 
 []


Overfull \hbox (12.54132pt too wide) in paragraph at lines 567--567
 []|\T1/ptm/m/n/12 225734,17| 
 []


LaTeX Warning: `!h' float specifier changed to `!ht'.


Overfull \hbox (0.82251pt too wide) in paragraph at lines 621--621
 []|\T1/ptm/m/n/12 18000|
 []


Overfull \hbox (0.82251pt too wide) in paragraph at lines 621--621
 []|\T1/ptm/m/n/12 18000|
 []


Overfull \hbox (0.82251pt too wide) in paragraph at lines 621--621
 []|\T1/ptm/m/n/12 18000|
 []


Overfull \hbox (0.82251pt too wide) in paragraph at lines 621--621
 []|\T1/ptm/m/n/12 18000|
 []


Overfull \hbox (0.82251pt too wide) in paragraph at lines 621--621
 []|\T1/ptm/m/n/12 18000|
 []


Overfull \hbox (0.82251pt too wide) in paragraph at lines 621--621
 []|\T1/ptm/m/n/12 18000|
 []


Overfull \hbox (0.82251pt too wide) in paragraph at lines 621--621
 []|\T1/ptm/m/n/12 18000|
 []


Overfull \hbox (0.82251pt too wide) in paragraph at lines 621--621
 []|\T1/ptm/m/n/12 18000|
 []


Overfull \hbox (0.82251pt too wide) in paragraph at lines 621--621
 []|\T1/ptm/m/n/12 18000|
 []


Overfull \hbox (0.82251pt too wide) in paragraph at lines 621--621
 []|\T1/ptm/m/n/12 18000|
 []


Overfull \hbox (0.82251pt too wide) in paragraph at lines 621--621
 []|\T1/ptm/m/n/12 25500|
 []


Overfull \hbox (0.82251pt too wide) in paragraph at lines 621--621
 []|\T1/ptm/m/n/12 25500|
 []


Overfull \hbox (0.82251pt too wide) in paragraph at lines 621--621
 []|\T1/ptm/m/n/12 21960|
 []


Overfull \hbox (0.82251pt too wide) in paragraph at lines 621--621
 []|\T1/ptm/m/n/12 21960|
 []


Overfull \hbox (0.82251pt too wide) in paragraph at lines 621--621
 []|\T1/ptm/m/n/12 21960|
 []


Overfull \hbox (0.82251pt too wide) in paragraph at lines 621--621
 []|\T1/ptm/m/n/12 21960|
 []


Overfull \hbox (0.82251pt too wide) in paragraph at lines 621--621
 []|\T1/ptm/m/n/12 21960|
 []


Overfull \hbox (0.82251pt too wide) in paragraph at lines 621--621
 []|\T1/ptm/m/n/12 21960|
 []


Overfull \hbox (0.82251pt too wide) in paragraph at lines 621--621
 []|\T1/ptm/m/n/12 21960|
 []


Overfull \hbox (0.82251pt too wide) in paragraph at lines 621--621
 []|\T1/ptm/m/n/12 21960|
 []


Overfull \hbox (0.82251pt too wide) in paragraph at lines 621--621
 []|\T1/ptm/m/n/12 21960|
 []


Overfull \hbox (0.82251pt too wide) in paragraph at lines 621--621
 []|\T1/ptm/m/n/12 21960|
 []


Overfull \hbox (0.82251pt too wide) in paragraph at lines 621--621
 []|\T1/ptm/m/n/12 31110|
 []


Overfull \hbox (0.82251pt too wide) in paragraph at lines 621--621
 []|\T1/ptm/m/n/12 31560|
 []


LaTeX Warning: `!h' float specifier changed to `!ht'.


Overfull \hbox (0.82251pt too wide) in paragraph at lines 650--650
 []|\T1/ptm/m/n/12 15000|
 []


Overfull \hbox (0.82251pt too wide) in paragraph at lines 650--650
 []|\T1/ptm/m/n/12 15000|
 []


Overfull \hbox (0.82251pt too wide) in paragraph at lines 650--650
 []|\T1/ptm/m/n/12 15000|
 []


Overfull \hbox (0.82251pt too wide) in paragraph at lines 650--650
 []|\T1/ptm/m/n/12 34500|
 []


Overfull \hbox (0.82251pt too wide) in paragraph at lines 650--650
 []|\T1/ptm/m/n/12 34500|
 []


Overfull \hbox (0.82251pt too wide) in paragraph at lines 650--650
 []|\T1/ptm/m/n/12 34500|
 []


Overfull \hbox (0.82251pt too wide) in paragraph at lines 650--650
 []|\T1/ptm/m/n/12 34500|
 []


Overfull \hbox (0.82251pt too wide) in paragraph at lines 650--650
 []|\T1/ptm/m/n/12 34500|
 []


Overfull \hbox (0.82251pt too wide) in paragraph at lines 650--650
 []|\T1/ptm/m/n/12 38500|
 []


Overfull \hbox (0.82251pt too wide) in paragraph at lines 650--650
 []|\T1/ptm/m/n/12 38500|
 []


Overfull \hbox (0.82251pt too wide) in paragraph at lines 650--650
 []|\T1/ptm/m/n/12 38500|
 []


Overfull \hbox (0.82251pt too wide) in paragraph at lines 650--650
 []|\T1/ptm/m/n/12 38500|
 []


Overfull \hbox (0.82251pt too wide) in paragraph at lines 650--650
 []|\T1/ptm/m/n/12 44500|
 []


Overfull \hbox (0.82251pt too wide) in paragraph at lines 650--650
 []|\T1/ptm/m/n/12 44500|
 []


Overfull \hbox (0.82251pt too wide) in paragraph at lines 650--650
 []|\T1/ptm/m/n/12 44500|
 []


Overfull \hbox (0.82251pt too wide) in paragraph at lines 650--650
 []|\T1/ptm/m/n/12 42540|
 []


Overfull \hbox (0.82251pt too wide) in paragraph at lines 650--650
 []|\T1/ptm/m/n/12 42540|
 []


Overfull \hbox (0.82251pt too wide) in paragraph at lines 650--650
 []|\T1/ptm/m/n/12 42540|
 []


Overfull \hbox (0.82251pt too wide) in paragraph at lines 650--650
 []|\T1/ptm/m/n/12 42540|
 []


Overfull \hbox (0.82251pt too wide) in paragraph at lines 650--650
 []|\T1/ptm/m/n/12 42540|
 []


Overfull \hbox (0.82251pt too wide) in paragraph at lines 650--650
 []|\T1/ptm/m/n/12 47510|
 []


Overfull \hbox (0.82251pt too wide) in paragraph at lines 650--650
 []|\T1/ptm/m/n/12 47510|
 []


Overfull \hbox (0.82251pt too wide) in paragraph at lines 650--650
 []|\T1/ptm/m/n/12 47510|
 []


Overfull \hbox (0.82251pt too wide) in paragraph at lines 650--650
 []|\T1/ptm/m/n/12 47510|
 []


Overfull \hbox (0.82251pt too wide) in paragraph at lines 650--650
 []|\T1/ptm/m/n/12 54830|
 []


Overfull \hbox (0.82251pt too wide) in paragraph at lines 650--650
 []|\T1/ptm/m/n/12 54830|
 []


Overfull \hbox (0.82251pt too wide) in paragraph at lines 650--650
 []|\T1/ptm/m/n/12 54830|
 []


LaTeX Warning: `!h' float specifier changed to `!ht'.


Overfull \hbox (0.82251pt too wide) in paragraph at lines 679--679
 []|\T1/ptm/m/n/12 15000|
 []


Overfull \hbox (0.82251pt too wide) in paragraph at lines 679--679
 []|\T1/ptm/m/n/12 15000|
 []


Overfull \hbox (0.82251pt too wide) in paragraph at lines 679--679
 []|\T1/ptm/m/n/12 15000|
 []


Overfull \hbox (0.82251pt too wide) in paragraph at lines 679--679
 []|\T1/ptm/m/n/12 15000|
 []


Overfull \hbox (0.82251pt too wide) in paragraph at lines 679--679
 []|\T1/ptm/m/n/12 15000|
 []


Overfull \hbox (0.82251pt too wide) in paragraph at lines 679--679
 []|\T1/ptm/m/n/12 15000|
 []


Overfull \hbox (0.82251pt too wide) in paragraph at lines 679--679
 []|\T1/ptm/m/n/12 15000|
 []


Overfull \hbox (0.82251pt too wide) in paragraph at lines 679--679
 []|\T1/ptm/m/n/12 15000|
 []


Overfull \hbox (0.82251pt too wide) in paragraph at lines 679--679
 []|\T1/ptm/m/n/12 15000|
 []


Overfull \hbox (0.82251pt too wide) in paragraph at lines 679--679
 []|\T1/ptm/m/n/12 15000|
 []


Overfull \hbox (0.82251pt too wide) in paragraph at lines 679--679
 []|\T1/ptm/m/n/12 15000|
 []


Overfull \hbox (0.82251pt too wide) in paragraph at lines 679--679
 []|\T1/ptm/m/n/12 15000|
 []


Overfull \hbox (0.82251pt too wide) in paragraph at lines 679--679
 []|\T1/ptm/m/n/12 44500|
 []


Overfull \hbox (0.82251pt too wide) in paragraph at lines 679--679
 []|\T1/ptm/m/n/12 44500|
 []


Overfull \hbox (0.82251pt too wide) in paragraph at lines 679--679
 []|\T1/ptm/m/n/12 44500|
 []


Overfull \hbox (0.82251pt too wide) in paragraph at lines 679--679
 []|\T1/ptm/m/n/12 44500|
 []


Overfull \hbox (0.82251pt too wide) in paragraph at lines 679--679
 []|\T1/ptm/m/n/12 44500|
 []


Overfull \hbox (0.82251pt too wide) in paragraph at lines 679--679
 []|\T1/ptm/m/n/12 44500|
 []


Overfull \hbox (0.82251pt too wide) in paragraph at lines 679--679
 []|\T1/ptm/m/n/12 44500|
 []


Overfull \hbox (0.82251pt too wide) in paragraph at lines 679--679
 []|\T1/ptm/m/n/12 44500|
 []


Overfull \hbox (0.82251pt too wide) in paragraph at lines 679--679
 []|\T1/ptm/m/n/12 44500|
 []


Overfull \hbox (0.82251pt too wide) in paragraph at lines 679--679
 []|\T1/ptm/m/n/12 44500|
 []


Overfull \hbox (0.82251pt too wide) in paragraph at lines 679--679
 []|\T1/ptm/m/n/12 44500|
 []


Overfull \hbox (0.82251pt too wide) in paragraph at lines 679--679
 []|\T1/ptm/m/n/12 44500|
 []


Overfull \hbox (0.82251pt too wide) in paragraph at lines 679--679
 []|\T1/ptm/m/n/12 54830|
 []


Overfull \hbox (0.82251pt too wide) in paragraph at lines 679--679
 []|\T1/ptm/m/n/12 54830|
 []


Overfull \hbox (0.82251pt too wide) in paragraph at lines 679--679
 []|\T1/ptm/m/n/12 54830|
 []


Overfull \hbox (0.82251pt too wide) in paragraph at lines 679--679
 []|\T1/ptm/m/n/12 54830|
 []


Overfull \hbox (0.82251pt too wide) in paragraph at lines 679--679
 []|\T1/ptm/m/n/12 54830|
 []


Overfull \hbox (0.82251pt too wide) in paragraph at lines 679--679
 []|\T1/ptm/m/n/12 54830|
 []


Overfull \hbox (0.82251pt too wide) in paragraph at lines 679--679
 []|\T1/ptm/m/n/12 54830|
 []


Overfull \hbox (0.82251pt too wide) in paragraph at lines 679--679
 []|\T1/ptm/m/n/12 54830|
 []


Overfull \hbox (0.82251pt too wide) in paragraph at lines 679--679
 []|\T1/ptm/m/n/12 54830|
 []


Overfull \hbox (0.82251pt too wide) in paragraph at lines 679--679
 []|\T1/ptm/m/n/12 54830|
 []


Overfull \hbox (0.82251pt too wide) in paragraph at lines 679--679
 []|\T1/ptm/m/n/12 54830|
 []


Overfull \hbox (0.82251pt too wide) in paragraph at lines 679--679
 []|\T1/ptm/m/n/12 54830|
 []


LaTeX Warning: `!h' float specifier changed to `!ht'.


Overfull \hbox (6.54132pt too wide) in paragraph at lines 732--732
 \T1/ptm/m/n/12 68886.17|
 []


Overfull \hbox (6.54132pt too wide) in paragraph at lines 732--732
 \T1/ptm/m/n/12 23886.17|
 []


Overfull \hbox (6.54132pt too wide) in paragraph at lines 732--732
 \T1/ptm/m/n/12 58911.83|
 []


Overfull \hbox (6.54132pt too wide) in paragraph at lines 732--732
 \T1/ptm/m/n/12 23911.83|
 []


Overfull \hbox (6.54132pt too wide) in paragraph at lines 732--732
 \T1/ptm/m/n/12 23911.83|
 []


Overfull \hbox (6.54132pt too wide) in paragraph at lines 732--732
 \T1/ptm/m/n/12 58937.50|
 []


Overfull \hbox (6.54132pt too wide) in paragraph at lines 732--732
 \T1/ptm/m/n/12 23937.50|
 []


Overfull \hbox (6.54132pt too wide) in paragraph at lines 732--732
 \T1/ptm/m/n/12 23937.50|
 []


Overfull \hbox (6.54132pt too wide) in paragraph at lines 732--732
 \T1/ptm/m/n/12 58963.17|
 []


Overfull \hbox (6.54132pt too wide) in paragraph at lines 732--732
 \T1/ptm/m/n/12 23963.17|
 []


Overfull \hbox (6.54132pt too wide) in paragraph at lines 732--732
 \T1/ptm/m/n/12 33113.17|
 []


Overfull \hbox (6.54132pt too wide) in paragraph at lines 732--732
 \T1/ptm/m/n/12 33563.17|
 []


Underfull \hbox (badness 10000) in paragraph at lines 732--732
[]|\T1/ptm/m/n/12 Investitions
 []


Underfull \hbox (badness 10000) in paragraph at lines 732--732
[]|\T1/ptm/m/n/12 Finanzierungs
 []


Overfull \hbox (6.54132pt too wide) in paragraph at lines 732--732
 \T1/ptm/m/n/12 68886.17|
 []


Overfull \hbox (6.54132pt too wide) in paragraph at lines 732--732
 \T1/ptm/m/n/12 23886.17|
 []


Overfull \hbox (6.54132pt too wide) in paragraph at lines 732--732
 \T1/ptm/m/n/12 58911.83|
 []


Overfull \hbox (6.54132pt too wide) in paragraph at lines 732--732
 \T1/ptm/m/n/12 23911.83|
 []


Overfull \hbox (6.54132pt too wide) in paragraph at lines 732--732
 \T1/ptm/m/n/12 23911.83|
 []


Overfull \hbox (6.54132pt too wide) in paragraph at lines 732--732
 \T1/ptm/m/n/12 58937.50|
 []


Overfull \hbox (6.54132pt too wide) in paragraph at lines 732--732
 \T1/ptm/m/n/12 23937.50|
 []


Overfull \hbox (6.54132pt too wide) in paragraph at lines 732--732
 \T1/ptm/m/n/12 23937.50|
 []


Overfull \hbox (6.54132pt too wide) in paragraph at lines 732--732
 \T1/ptm/m/n/12 58963.17|
 []


Overfull \hbox (6.54132pt too wide) in paragraph at lines 732--732
 \T1/ptm/m/n/12 23963.17|
 []


Overfull \hbox (12.54132pt too wide) in paragraph at lines 732--732
 \T1/ptm/m/n/12 133113.17|
 []


Overfull \hbox (6.54132pt too wide) in paragraph at lines 732--732
 \T1/ptm/m/n/12 33563.17|
 []


Underfull \hbox (badness 10000) in paragraph at lines 732--732
[]|\T1/ptm/m/n/12 variable
 []


Overfull \hbox (6.54132pt too wide) in paragraph at lines 732--732
 []|\T1/ptm/m/n/12 75876.17|
 []


Overfull \hbox (6.54132pt too wide) in paragraph at lines 732--732
 []|\T1/ptm/m/n/12 75901.83|
 []


Overfull \hbox (6.54132pt too wide) in paragraph at lines 732--732
 []|\T1/ptm/m/n/12 75927.50|
 []


Overfull \hbox (6.54132pt too wide) in paragraph at lines 732--732
 []|\T1/ptm/m/n/12 75953.17|
 []


Overfull \hbox (6.54132pt too wide) in paragraph at lines 732--732
 \T1/ptm/b/n/12 45876.17|
 []


Overfull \hbox (6.54132pt too wide) in paragraph at lines 732--732
 \T1/ptm/b/n/12 35901.83|
 []


Overfull \hbox (6.54132pt too wide) in paragraph at lines 732--732
 \T1/ptm/b/n/12 35927.50|
 []


Overfull \hbox (6.54132pt too wide) in paragraph at lines 732--732
 \T1/ptm/b/n/12 35953.17|
 []


Underfull \hbox (badness 10000) in paragraph at lines 732--732
[]|\T1/ptm/m/n/12 produktfixe
 []


Overfull \hbox (6.54132pt too wide) in paragraph at lines 732--732
 []|\T1/ptm/m/n/12 75876.17|
 []


Overfull \hbox (6.54132pt too wide) in paragraph at lines 732--732
 []|\T1/ptm/m/n/12 75901.83|
 []


Overfull \hbox (6.54132pt too wide) in paragraph at lines 732--732
 []|\T1/ptm/m/n/12 75927.50|
 []


Overfull \hbox (6.54132pt too wide) in paragraph at lines 732--732
 []|\T1/ptm/m/n/12 75953.17|
 []


Overfull \hbox (0.54132pt too wide) in paragraph at lines 732--732
 []|\T1/ptm/m/n/12 8453.17|
 []


Overfull \hbox (0.54132pt too wide) in paragraph at lines 732--732
 []|\T1/ptm/m/n/12 8453.17|
 []


Overfull \hbox (6.54132pt too wide) in paragraph at lines 732--732
 \T1/ptm/b/n/12 45876.17|
 []


Overfull \hbox (6.54132pt too wide) in paragraph at lines 732--732
 \T1/ptm/b/n/12 35901.83|
 []


Overfull \hbox (6.54132pt too wide) in paragraph at lines 732--732
 \T1/ptm/b/n/12 35927.50|
 []


Overfull \hbox (6.54132pt too wide) in paragraph at lines 732--732
 \T1/ptm/b/n/12 35953.17|
 []


Overfull \hbox (0.54132pt too wide) in paragraph at lines 732--732
 \T1/ptm/b/n/12 8453.17|
 []


Overfull \hbox (0.54132pt too wide) in paragraph at lines 732--732
 \T1/ptm/b/n/12 8453.17|
 []


Overfull \hbox (16.6714pt too wide) in paragraph at lines 732--732
[]|\T1/ptm/m/n/12 Unternehmensfixe
 []


Underfull \hbox (badness 1762) in paragraph at lines 732--732
\T1/ptm/m/n/12 Kosten (keine
 []


Overfull \hbox (6.54132pt too wide) in paragraph at lines 732--732
 []|\T1/ptm/m/n/12 34698.90|
 []


Overfull \hbox (6.54132pt too wide) in paragraph at lines 732--732
 \T1/ptm/b/n/12 34698.90|
 []


LaTeX Warning: `!h' float specifier changed to `!ht'.


Overfull \hbox (6.54132pt too wide) in paragraph at lines 761--761
 \T1/ptm/m/n/12 24839.93|
 []


Overfull \hbox (6.54132pt too wide) in paragraph at lines 761--761
 \T1/ptm/m/n/12 22365.60|
 []


Overfull \hbox (6.54132pt too wide) in paragraph at lines 761--761
 \T1/ptm/m/n/12 19891.27|
 []


Overfull \hbox (6.54132pt too wide) in paragraph at lines 761--761
 \T1/ptm/m/n/12 17416.93|
 []


Overfull \hbox (6.54132pt too wide) in paragraph at lines 761--761
 \T1/ptm/m/n/12 14942.60|
 []


Overfull \hbox (6.54132pt too wide) in paragraph at lines 761--761
 \T1/ptm/m/n/12 17438.27|
 []


Overfull \hbox (6.54132pt too wide) in paragraph at lines 761--761
 \T1/ptm/m/n/12 14963.93|
 []


Overfull \hbox (6.54132pt too wide) in paragraph at lines 761--761
 \T1/ptm/m/n/12 12494.60|
 []


Overfull \hbox (6.54132pt too wide) in paragraph at lines 761--761
 \T1/ptm/m/n/12 10020.27|
 []


Overfull \hbox (0.54132pt too wide) in paragraph at lines 761--761
 []|\T1/ptm/m/n/12 5557.07|
 []


Overfull \hbox (6.54132pt too wide) in paragraph at lines 761--761
 []|\T1/ptm/m/n/12 10505.73|
 []


Underfull \hbox (badness 10000) in paragraph at lines 761--761
[]|\T1/ptm/m/n/12 Investitions
 []


Underfull \hbox (badness 10000) in paragraph at lines 761--761
[]|\T1/ptm/m/n/12 Finanzierungs
 []


Overfull \hbox (6.54132pt too wide) in paragraph at lines 761--761
 \T1/ptm/m/n/12 30639.93|
 []


Overfull \hbox (6.54132pt too wide) in paragraph at lines 761--761
 \T1/ptm/m/n/12 28165.60|
 []


Overfull \hbox (6.54132pt too wide) in paragraph at lines 761--761
 \T1/ptm/m/n/12 25691.27|
 []


Overfull \hbox (6.54132pt too wide) in paragraph at lines 761--761
 \T1/ptm/m/n/12 23216.93|
 []


Overfull \hbox (6.54132pt too wide) in paragraph at lines 761--761
 \T1/ptm/m/n/12 20742.60|
 []


Overfull \hbox (6.54132pt too wide) in paragraph at lines 761--761
 \T1/ptm/m/n/12 23238.27|
 []


Overfull \hbox (6.54132pt too wide) in paragraph at lines 761--761
 \T1/ptm/m/n/12 20763.93|
 []


Overfull \hbox (6.54132pt too wide) in paragraph at lines 761--761
 \T1/ptm/m/n/12 18294.60|
 []


Overfull \hbox (6.54132pt too wide) in paragraph at lines 761--761
 \T1/ptm/m/n/12 15820.27|
 []


Overfull \hbox (0.54132pt too wide) in paragraph at lines 761--761
 \T1/ptm/m/n/12 5191.60|
 []


Overfull \hbox (0.54132pt too wide) in paragraph at lines 761--761
 []|\T1/ptm/m/n/12 4705.73|
 []


Underfull \hbox (badness 10000) in paragraph at lines 761--761
[]|\T1/ptm/m/n/12 variable
 []


Overfull \hbox (6.54132pt too wide) in paragraph at lines 761--761
 []|\T1/ptm/m/n/12 73749.93|
 []


Overfull \hbox (6.54132pt too wide) in paragraph at lines 761--761
 []|\T1/ptm/m/n/12 73775.60|
 []


Overfull \hbox (6.54132pt too wide) in paragraph at lines 761--761
 []|\T1/ptm/m/n/12 73801.27|
 []


Overfull \hbox (6.54132pt too wide) in paragraph at lines 761--761
 []|\T1/ptm/m/n/12 73826.93|
 []


Overfull \hbox (6.54132pt too wide) in paragraph at lines 761--761
 []|\T1/ptm/m/n/12 73852.60|
 []


Overfull \hbox (6.54132pt too wide) in paragraph at lines 761--761
 []|\T1/ptm/m/n/12 73878.27|
 []


Overfull \hbox (6.54132pt too wide) in paragraph at lines 761--761
 []|\T1/ptm/m/n/12 73903.93|
 []


Overfull \hbox (6.54132pt too wide) in paragraph at lines 761--761
 []|\T1/ptm/m/n/12 73934.60|
 []


Overfull \hbox (6.54132pt too wide) in paragraph at lines 761--761
 []|\T1/ptm/m/n/12 73960.27|
 []


Overfull \hbox (12.54132pt too wide) in paragraph at lines 761--761
 []|\T1/ptm/m/n/12 141011.60|
 []


Overfull \hbox (12.54132pt too wide) in paragraph at lines 761--761
 []|\T1/ptm/m/n/12 141062.93|
 []


Overfull \hbox (12.54132pt too wide) in paragraph at lines 761--761
 []|\T1/ptm/m/n/12 141114.27|
 []


Overfull \hbox (6.54132pt too wide) in paragraph at lines 761--761
 []|\T1/ptm/b/n/12 18750.07|
 []


Overfull \hbox (6.54132pt too wide) in paragraph at lines 761--761
 []|\T1/ptm/b/n/12 21224.40|
 []


Overfull \hbox (6.54132pt too wide) in paragraph at lines 761--761
 []|\T1/ptm/b/n/12 23698.73|
 []


Overfull \hbox (6.54132pt too wide) in paragraph at lines 761--761
 []|\T1/ptm/b/n/12 26173.07|
 []


Overfull \hbox (6.54132pt too wide) in paragraph at lines 761--761
 []|\T1/ptm/b/n/12 28647.40|
 []


Overfull \hbox (6.54132pt too wide) in paragraph at lines 761--761
 []|\T1/ptm/b/n/12 31121.73|
 []


Overfull \hbox (6.54132pt too wide) in paragraph at lines 761--761
 []|\T1/ptm/b/n/12 33596.07|
 []


Overfull \hbox (6.54132pt too wide) in paragraph at lines 761--761
 []|\T1/ptm/b/n/12 36065.40|
 []


Overfull \hbox (6.54132pt too wide) in paragraph at lines 761--761
 []|\T1/ptm/b/n/12 38539.73|
 []


Overfull \hbox (6.54132pt too wide) in paragraph at lines 761--761
 []|\T1/ptm/b/n/12 56488.40|
 []


Overfull \hbox (6.54132pt too wide) in paragraph at lines 761--761
 []|\T1/ptm/b/n/12 61437.07|
 []


Overfull \hbox (6.54132pt too wide) in paragraph at lines 761--761
 []|\T1/ptm/b/n/12 66385.73|
 []


Underfull \hbox (badness 10000) in paragraph at lines 761--761
[]|\T1/ptm/m/n/12 produktfixe
 []


Overfull \hbox (6.54132pt too wide) in paragraph at lines 761--761
 []|\T1/ptm/m/n/12 81249.93|
 []


Overfull \hbox (6.54132pt too wide) in paragraph at lines 761--761
 []|\T1/ptm/m/n/12 81275.60|
 []


Overfull \hbox (6.54132pt too wide) in paragraph at lines 761--761
 []|\T1/ptm/m/n/12 81301.27|
 []


Overfull \hbox (6.54132pt too wide) in paragraph at lines 761--761
 []|\T1/ptm/m/n/12 81326.93|
 []


Overfull \hbox (6.54132pt too wide) in paragraph at lines 761--761
 []|\T1/ptm/m/n/12 81352.60|
 []


Overfull \hbox (6.54132pt too wide) in paragraph at lines 761--761
 []|\T1/ptm/m/n/12 82378.27|
 []


Overfull \hbox (6.54132pt too wide) in paragraph at lines 761--761
 []|\T1/ptm/m/n/12 82403.93|
 []


Overfull \hbox (6.54132pt too wide) in paragraph at lines 761--761
 []|\T1/ptm/m/n/12 82434.60|
 []


Overfull \hbox (6.54132pt too wide) in paragraph at lines 761--761
 []|\T1/ptm/m/n/12 82460.27|
 []


Overfull \hbox (12.54132pt too wide) in paragraph at lines 761--761
 []|\T1/ptm/m/n/12 149511.60|
 []


Overfull \hbox (12.54132pt too wide) in paragraph at lines 761--761
 []|\T1/ptm/m/n/12 149562.93|
 []


Overfull \hbox (12.54132pt too wide) in paragraph at lines 761--761
 []|\T1/ptm/m/n/12 149614.27|
 []


Overfull \hbox (6.54132pt too wide) in paragraph at lines 761--761
 []|\T1/ptm/b/n/12 11250.07|
 []


Overfull \hbox (6.54132pt too wide) in paragraph at lines 761--761
 []|\T1/ptm/b/n/12 13724.40|
 []


Overfull \hbox (6.54132pt too wide) in paragraph at lines 761--761
 []|\T1/ptm/b/n/12 16198.73|
 []


Overfull \hbox (6.54132pt too wide) in paragraph at lines 761--761
 []|\T1/ptm/b/n/12 18673.07|
 []


Overfull \hbox (6.54132pt too wide) in paragraph at lines 761--761
 []|\T1/ptm/b/n/12 21147.40|
 []


Overfull \hbox (6.54132pt too wide) in paragraph at lines 761--761
 []|\T1/ptm/b/n/12 22621.73|
 []


Overfull \hbox (6.54132pt too wide) in paragraph at lines 761--761
 []|\T1/ptm/b/n/12 25096.07|
 []


Overfull \hbox (6.54132pt too wide) in paragraph at lines 761--761
 []|\T1/ptm/b/n/12 27565.40|
 []


Overfull \hbox (6.54132pt too wide) in paragraph at lines 761--761
 []|\T1/ptm/b/n/12 30039.73|
 []


Overfull \hbox (6.54132pt too wide) in paragraph at lines 761--761
 []|\T1/ptm/b/n/12 47988.40|
 []


Overfull \hbox (6.54132pt too wide) in paragraph at lines 761--761
 []|\T1/ptm/b/n/12 52937.07|
 []


Overfull \hbox (6.54132pt too wide) in paragraph at lines 761--761
 []|\T1/ptm/b/n/12 57885.73|
 []


Overfull \hbox (16.6714pt too wide) in paragraph at lines 761--761
[]|\T1/ptm/m/n/12 Unternehmensfixe
 []


Underfull \hbox (badness 1762) in paragraph at lines 761--761
\T1/ptm/m/n/12 Kosten (keine
 []


Overfull \hbox (12.54132pt too wide) in paragraph at lines 761--761
 []|\T1/ptm/m/n/12 124478.90|
 []


Overfull \hbox (12.54132pt too wide) in paragraph at lines 761--761
 []|\T1/ptm/m/n/12 124478.90|
 []


Overfull \hbox (12.54132pt too wide) in paragraph at lines 761--761
 []|\T1/ptm/m/n/12 124478.90|
 []


Overfull \hbox (12.54132pt too wide) in paragraph at lines 761--761
 []|\T1/ptm/m/n/12 124478.90|
 []


Overfull \hbox (12.54132pt too wide) in paragraph at lines 761--761
 []|\T1/ptm/m/n/12 124478.90|
 []


Overfull \hbox (12.54132pt too wide) in paragraph at lines 761--761
 []|\T1/ptm/m/n/12 129448.90|
 []


Overfull \hbox (12.54132pt too wide) in paragraph at lines 761--761
 []|\T1/ptm/m/n/12 129448.90|
 []


Overfull \hbox (12.54132pt too wide) in paragraph at lines 761--761
 []|\T1/ptm/m/n/12 129448.90|
 []


Overfull \hbox (12.54132pt too wide) in paragraph at lines 761--761
 []|\T1/ptm/m/n/12 129448.90|
 []


Overfull \hbox (12.54132pt too wide) in paragraph at lines 761--761
 []|\T1/ptm/m/n/12 203768.90|
 []


Overfull \hbox (12.54132pt too wide) in paragraph at lines 761--761
 []|\T1/ptm/m/n/12 203768.90|
 []


Overfull \hbox (12.54132pt too wide) in paragraph at lines 761--761
 []|\T1/ptm/m/n/12 203768.90|
 []


Overfull \hbox (6.54132pt too wide) in paragraph at lines 761--761
 \T1/ptm/b/n/12 31978.90|
 []


Overfull \hbox (6.54132pt too wide) in paragraph at lines 761--761
 \T1/ptm/b/n/12 29478.90|
 []


Overfull \hbox (6.54132pt too wide) in paragraph at lines 761--761
 \T1/ptm/b/n/12 26978.90|
 []


Overfull \hbox (6.54132pt too wide) in paragraph at lines 761--761
 \T1/ptm/b/n/12 24478.90|
 []


Overfull \hbox (6.54132pt too wide) in paragraph at lines 761--761
 \T1/ptm/b/n/12 21978.90|
 []


Overfull \hbox (6.54132pt too wide) in paragraph at lines 761--761
 \T1/ptm/b/n/12 24448.90|
 []


Overfull \hbox (6.54132pt too wide) in paragraph at lines 761--761
 \T1/ptm/b/n/12 21948.90|
 []


Overfull \hbox (6.54132pt too wide) in paragraph at lines 761--761
 \T1/ptm/b/n/12 19448.90|
 []


Overfull \hbox (6.54132pt too wide) in paragraph at lines 761--761
 \T1/ptm/b/n/12 16948.90|
 []


Overfull \hbox (0.54132pt too wide) in paragraph at lines 761--761
 \T1/ptm/b/n/12 6268.90|
 []


Overfull \hbox (0.54132pt too wide) in paragraph at lines 761--761
 \T1/ptm/b/n/12 1268.90|
 []


Overfull \hbox (0.54132pt too wide) in paragraph at lines 761--761
 []|\T1/ptm/b/n/12 3731.10|
 []


LaTeX Warning: `!h' float specifier changed to `!ht'.


Overfull \hbox (6.54132pt too wide) in paragraph at lines 790--790
 []|\T1/ptm/m/n/12 15454.40|
 []


Overfull \hbox (6.54132pt too wide) in paragraph at lines 790--790
 []|\T1/ptm/m/n/12 20403.07|
 []


Overfull \hbox (6.54132pt too wide) in paragraph at lines 790--790
 []|\T1/ptm/m/n/12 25351.73|
 []


Overfull \hbox (6.54132pt too wide) in paragraph at lines 790--790
 []|\T1/ptm/m/n/12 30300.40|
 []


Overfull \hbox (6.54132pt too wide) in paragraph at lines 790--790
 []|\T1/ptm/m/n/12 35249.07|
 []


Overfull \hbox (6.54132pt too wide) in paragraph at lines 790--790
 []|\T1/ptm/m/n/12 40197.73|
 []


Overfull \hbox (6.54132pt too wide) in paragraph at lines 790--790
 []|\T1/ptm/m/n/12 45146.40|
 []


Overfull \hbox (6.54132pt too wide) in paragraph at lines 790--790
 []|\T1/ptm/m/n/12 50095.07|
 []


Overfull \hbox (6.54132pt too wide) in paragraph at lines 790--790
 []|\T1/ptm/m/n/12 55043.73|
 []


Overfull \hbox (6.54132pt too wide) in paragraph at lines 790--790
 []|\T1/ptm/m/n/12 59992.40|
 []


Overfull \hbox (6.54132pt too wide) in paragraph at lines 790--790
 []|\T1/ptm/m/n/12 64941.07|
 []


Overfull \hbox (6.54132pt too wide) in paragraph at lines 790--790
 []|\T1/ptm/m/n/12 69889.73|
 []


Underfull \hbox (badness 10000) in paragraph at lines 790--790
[]|\T1/ptm/m/n/12 Investitions
 []


Underfull \hbox (badness 10000) in paragraph at lines 790--790
[]|\T1/ptm/m/n/12 Finanzierungs
 []


Overfull \hbox (0.54132pt too wide) in paragraph at lines 790--790
 []|\T1/ptm/m/n/12 9454.40|
 []


Overfull \hbox (6.54132pt too wide) in paragraph at lines 790--790
 []|\T1/ptm/m/n/12 14403.07|
 []


Overfull \hbox (6.54132pt too wide) in paragraph at lines 790--790
 []|\T1/ptm/m/n/12 19351.73|
 []


Overfull \hbox (6.54132pt too wide) in paragraph at lines 790--790
 []|\T1/ptm/m/n/12 24300.40|
 []


Overfull \hbox (6.54132pt too wide) in paragraph at lines 790--790
 []|\T1/ptm/m/n/12 29249.07|
 []


Overfull \hbox (6.54132pt too wide) in paragraph at lines 790--790
 []|\T1/ptm/m/n/12 34197.73|
 []


Overfull \hbox (6.54132pt too wide) in paragraph at lines 790--790
 []|\T1/ptm/m/n/12 39146.40|
 []


Overfull \hbox (6.54132pt too wide) in paragraph at lines 790--790
 []|\T1/ptm/m/n/12 44095.07|
 []


Overfull \hbox (6.54132pt too wide) in paragraph at lines 790--790
 []|\T1/ptm/m/n/12 49043.73|
 []


Overfull \hbox (6.54132pt too wide) in paragraph at lines 790--790
 []|\T1/ptm/m/n/12 53992.40|
 []


Overfull \hbox (6.54132pt too wide) in paragraph at lines 790--790
 []|\T1/ptm/m/n/12 58941.07|
 []


Overfull \hbox (6.54132pt too wide) in paragraph at lines 790--790
 []|\T1/ptm/m/n/12 63889.73|
 []


Underfull \hbox (badness 10000) in paragraph at lines 790--790
[]|\T1/ptm/m/n/12 variable
 []


Overfull \hbox (12.54132pt too wide) in paragraph at lines 790--790
 []|\T1/ptm/m/n/12 141165.60|
 []


Overfull \hbox (12.54132pt too wide) in paragraph at lines 790--790
 []|\T1/ptm/m/n/12 141216.93|
 []


Overfull \hbox (12.54132pt too wide) in paragraph at lines 790--790
 []|\T1/ptm/m/n/12 141268.27|
 []


Overfull \hbox (12.54132pt too wide) in paragraph at lines 790--790
 []|\T1/ptm/m/n/12 141319.60|
 []


Overfull \hbox (12.54132pt too wide) in paragraph at lines 790--790
 []|\T1/ptm/m/n/12 141370.93|
 []


Overfull \hbox (12.54132pt too wide) in paragraph at lines 790--790
 []|\T1/ptm/m/n/12 141422.27|
 []


Overfull \hbox (12.54132pt too wide) in paragraph at lines 790--790
 []|\T1/ptm/m/n/12 141473.60|
 []


Overfull \hbox (12.54132pt too wide) in paragraph at lines 790--790
 []|\T1/ptm/m/n/12 141524.93|
 []


Overfull \hbox (12.54132pt too wide) in paragraph at lines 790--790
 []|\T1/ptm/m/n/12 141576.27|
 []


Overfull \hbox (12.54132pt too wide) in paragraph at lines 790--790
 []|\T1/ptm/m/n/12 141627.60|
 []


Overfull \hbox (12.54132pt too wide) in paragraph at lines 790--790
 []|\T1/ptm/m/n/12 141678.93|
 []


Overfull \hbox (12.54132pt too wide) in paragraph at lines 790--790
 []|\T1/ptm/m/n/12 141730.27|
 []


Overfull \hbox (6.54132pt too wide) in paragraph at lines 790--790
 []|\T1/ptm/b/n/12 71334.40|
 []


Overfull \hbox (6.54132pt too wide) in paragraph at lines 790--790
 []|\T1/ptm/b/n/12 76283.07|
 []


Overfull \hbox (6.54132pt too wide) in paragraph at lines 790--790
 []|\T1/ptm/b/n/12 81231.73|
 []


Overfull \hbox (6.54132pt too wide) in paragraph at lines 790--790
 []|\T1/ptm/b/n/12 86180.40|
 []


Overfull \hbox (6.54132pt too wide) in paragraph at lines 790--790
 []|\T1/ptm/b/n/12 91129.07|
 []


Overfull \hbox (6.54132pt too wide) in paragraph at lines 790--790
 []|\T1/ptm/b/n/12 96077.73|
 []


Overfull \hbox (12.54132pt too wide) in paragraph at lines 790--790
 []|\T1/ptm/b/n/12 101026.40|
 []


Overfull \hbox (12.54132pt too wide) in paragraph at lines 790--790
 []|\T1/ptm/b/n/12 105975.07|
 []


Overfull \hbox (12.54132pt too wide) in paragraph at lines 790--790
 []|\T1/ptm/b/n/12 110923.73|
 []


Overfull \hbox (12.54132pt too wide) in paragraph at lines 790--790
 []|\T1/ptm/b/n/12 115872.40|
 []


Overfull \hbox (12.54132pt too wide) in paragraph at lines 790--790
 []|\T1/ptm/b/n/12 120821.07|
 []


Overfull \hbox (12.54132pt too wide) in paragraph at lines 790--790
 []|\T1/ptm/b/n/12 125769.73|
 []


Underfull \hbox (badness 10000) in paragraph at lines 790--790
[]|\T1/ptm/m/n/12 produktfixe
 []


Overfull \hbox (12.54132pt too wide) in paragraph at lines 790--790
 []|\T1/ptm/m/n/12 149665.60|
 []


Overfull \hbox (12.54132pt too wide) in paragraph at lines 790--790
 []|\T1/ptm/m/n/12 149716.93|
 []


Overfull \hbox (12.54132pt too wide) in paragraph at lines 790--790
 []|\T1/ptm/m/n/12 149768.27|
 []


Overfull \hbox (12.54132pt too wide) in paragraph at lines 790--790
 []|\T1/ptm/m/n/12 149819.60|
 []


Overfull \hbox (12.54132pt too wide) in paragraph at lines 790--790
 []|\T1/ptm/m/n/12 149870.93|
 []


Overfull \hbox (12.54132pt too wide) in paragraph at lines 790--790
 []|\T1/ptm/m/n/12 149922.27|
 []


Overfull \hbox (12.54132pt too wide) in paragraph at lines 790--790
 []|\T1/ptm/m/n/12 149973.60|
 []


Overfull \hbox (12.54132pt too wide) in paragraph at lines 790--790
 []|\T1/ptm/m/n/12 150024.93|
 []


Overfull \hbox (12.54132pt too wide) in paragraph at lines 790--790
 []|\T1/ptm/m/n/12 150076.27|
 []


Overfull \hbox (12.54132pt too wide) in paragraph at lines 790--790
 []|\T1/ptm/m/n/12 150127.60|
 []


Overfull \hbox (12.54132pt too wide) in paragraph at lines 790--790
 []|\T1/ptm/m/n/12 150178.93|
 []


Overfull \hbox (12.54132pt too wide) in paragraph at lines 790--790
 []|\T1/ptm/m/n/12 150230.27|
 []


Overfull \hbox (6.54132pt too wide) in paragraph at lines 790--790
 []|\T1/ptm/b/n/12 62834.40|
 []


Overfull \hbox (6.54132pt too wide) in paragraph at lines 790--790
 []|\T1/ptm/b/n/12 67783.07|
 []


Overfull \hbox (6.54132pt too wide) in paragraph at lines 790--790
 []|\T1/ptm/b/n/12 72731.73|
 []


Overfull \hbox (6.54132pt too wide) in paragraph at lines 790--790
 []|\T1/ptm/b/n/12 77680.40|
 []


Overfull \hbox (6.54132pt too wide) in paragraph at lines 790--790
 []|\T1/ptm/b/n/12 82629.07|
 []


Overfull \hbox (6.54132pt too wide) in paragraph at lines 790--790
 []|\T1/ptm/b/n/12 87577.73|
 []


Overfull \hbox (6.54132pt too wide) in paragraph at lines 790--790
 []|\T1/ptm/b/n/12 92526.40|
 []


Overfull \hbox (6.54132pt too wide) in paragraph at lines 790--790
 []|\T1/ptm/b/n/12 97475.07|
 []


Overfull \hbox (12.54132pt too wide) in paragraph at lines 790--790
 []|\T1/ptm/b/n/12 102423.73|
 []


Overfull \hbox (12.54132pt too wide) in paragraph at lines 790--790
 []|\T1/ptm/b/n/12 107372.40|
 []


Overfull \hbox (12.54132pt too wide) in paragraph at lines 790--790
 []|\T1/ptm/b/n/12 112321.07|
 []


Overfull \hbox (12.54132pt too wide) in paragraph at lines 790--790
 []|\T1/ptm/b/n/12 117269.73|
 []


Overfull \hbox (16.6714pt too wide) in paragraph at lines 790--790
[]|\T1/ptm/m/n/12 Unternehmensfixe
 []


Underfull \hbox (badness 1762) in paragraph at lines 790--790
\T1/ptm/m/n/12 Kosten (keine
 []


Overfull \hbox (12.54132pt too wide) in paragraph at lines 790--790
 []|\T1/ptm/m/n/12 203968.90|
 []


Overfull \hbox (12.54132pt too wide) in paragraph at lines 790--790
 []|\T1/ptm/m/n/12 203968.90|
 []


Overfull \hbox (12.54132pt too wide) in paragraph at lines 790--790
 []|\T1/ptm/m/n/12 203968.90|
 []


Overfull \hbox (12.54132pt too wide) in paragraph at lines 790--790
 []|\T1/ptm/m/n/12 203968.90|
 []


Overfull \hbox (12.54132pt too wide) in paragraph at lines 790--790
 []|\T1/ptm/m/n/12 203968.90|
 []


Overfull \hbox (12.54132pt too wide) in paragraph at lines 790--790
 []|\T1/ptm/m/n/12 203968.90|
 []


Overfull \hbox (12.54132pt too wide) in paragraph at lines 790--790
 []|\T1/ptm/m/n/12 203968.90|
 []


Overfull \hbox (12.54132pt too wide) in paragraph at lines 790--790
 []|\T1/ptm/m/n/12 203968.90|
 []


Overfull \hbox (12.54132pt too wide) in paragraph at lines 790--790
 []|\T1/ptm/m/n/12 203968.90|
 []


Overfull \hbox (12.54132pt too wide) in paragraph at lines 790--790
 []|\T1/ptm/m/n/12 203968.90|
 []


Overfull \hbox (12.54132pt too wide) in paragraph at lines 790--790
 []|\T1/ptm/m/n/12 203968.90|
 []


Overfull \hbox (12.54132pt too wide) in paragraph at lines 790--790
 []|\T1/ptm/m/n/12 203968.90|
 []


Overfull \hbox (6.54132pt too wide) in paragraph at lines 790--790
 \T1/ptm/b/n/12 14112.90|
 []


Overfull \hbox (6.54132pt too wide) in paragraph at lines 790--790
 \T1/ptm/b/n/12 11185.83|
 []


Overfull \hbox (0.54132pt too wide) in paragraph at lines 790--790
 \T1/ptm/b/n/12 8237.17|
 []


Overfull \hbox (0.54132pt too wide) in paragraph at lines 790--790
 \T1/ptm/b/n/12 5288.50|
 []


Overfull \hbox (0.54132pt too wide) in paragraph at lines 790--790
 \T1/ptm/b/n/12 2339.83|
 []


Overfull \hbox (0.54132pt too wide) in paragraph at lines 790--790
 []|\T1/ptm/b/n/12 2951.17|
 []


Overfull \hbox (0.54132pt too wide) in paragraph at lines 790--790
 []|\T1/ptm/b/n/12 5859.83|
 []


Overfull \hbox (0.54132pt too wide) in paragraph at lines 790--790
 []|\T1/ptm/b/n/12 8751.17|
 []


Overfull \hbox (6.54132pt too wide) in paragraph at lines 790--790
 []|\T1/ptm/b/n/12 11634.50|
 []


Overfull \hbox (6.54132pt too wide) in paragraph at lines 790--790
 []|\T1/ptm/b/n/12 14517.83|
 []


Overfull \hbox (6.54132pt too wide) in paragraph at lines 790--790
 []|\T1/ptm/b/n/12 17401.17|
 []


LaTeX Warning: `!h' float specifier changed to `!ht'.


Overfull \hbox (8.25056pt too wide) in paragraph at lines 851--851
 \T1/ptm/b/n/12 67133.83|
 []


Overfull \hbox (8.25056pt too wide) in paragraph at lines 851--851
 \T1/ptm/b/n/12 22133.83|
 []


Overfull \hbox (8.25056pt too wide) in paragraph at lines 851--851
 \T1/ptm/b/n/12 57108.17|
 []


Overfull \hbox (8.25056pt too wide) in paragraph at lines 851--851
 \T1/ptm/b/n/12 22108.17|
 []


Overfull \hbox (8.25056pt too wide) in paragraph at lines 851--851
 \T1/ptm/b/n/12 22108.17|
 []


Overfull \hbox (8.25056pt too wide) in paragraph at lines 851--851
 \T1/ptm/b/n/12 57082.50|
 []


Overfull \hbox (8.25056pt too wide) in paragraph at lines 851--851
 \T1/ptm/b/n/12 22082.50|
 []


Overfull \hbox (8.25056pt too wide) in paragraph at lines 851--851
 \T1/ptm/b/n/12 22082.50|
 []


Overfull \hbox (8.25056pt too wide) in paragraph at lines 851--851
 \T1/ptm/b/n/12 57056.83|
 []


Overfull \hbox (8.25056pt too wide) in paragraph at lines 851--851
 \T1/ptm/b/n/12 22056.83|
 []


Overfull \hbox (8.25056pt too wide) in paragraph at lines 851--851
 \T1/ptm/b/n/12 31206.83|
 []


Overfull \hbox (8.25056pt too wide) in paragraph at lines 851--851
 \T1/ptm/b/n/12 31656.83|
 []


Overfull \hbox (2.25056pt too wide) in paragraph at lines 851--851
 []|\T1/ptm/m/n/12 1388.90|
 []


Overfull \hbox (8.25056pt too wide) in paragraph at lines 851--851
 \T1/ptm/b/n/12 67133.83|
 []


Overfull \hbox (8.25056pt too wide) in paragraph at lines 851--851
 \T1/ptm/b/n/12 22133.83|
 []


Overfull \hbox (8.25056pt too wide) in paragraph at lines 851--851
 \T1/ptm/b/n/12 57108.17|
 []


Overfull \hbox (8.25056pt too wide) in paragraph at lines 851--851
 \T1/ptm/b/n/12 22108.17|
 []


Overfull \hbox (8.25056pt too wide) in paragraph at lines 851--851
 \T1/ptm/b/n/12 22108.17|
 []


Overfull \hbox (8.25056pt too wide) in paragraph at lines 851--851
 \T1/ptm/b/n/12 57082.50|
 []


Overfull \hbox (8.25056pt too wide) in paragraph at lines 851--851
 \T1/ptm/b/n/12 22082.50|
 []


Overfull \hbox (8.25056pt too wide) in paragraph at lines 851--851
 \T1/ptm/b/n/12 22082.50|
 []


Overfull \hbox (8.25056pt too wide) in paragraph at lines 851--851
 \T1/ptm/b/n/12 57056.83|
 []


Overfull \hbox (8.25056pt too wide) in paragraph at lines 851--851
 \T1/ptm/b/n/12 22056.83|
 []


Overfull \hbox (8.25056pt too wide) in paragraph at lines 851--851
 \T1/ptm/b/n/12 31206.83|
 []


Overfull \hbox (8.25056pt too wide) in paragraph at lines 851--851
 \T1/ptm/b/n/12 33045.73|
 []


Overfull \hbox (8.25056pt too wide) in paragraph at lines 851--851
 \T1/ptm/b/n/12 67133.83|
 []


Overfull \hbox (8.25056pt too wide) in paragraph at lines 851--851
 \T1/ptm/b/n/12 22133.83|
 []


Overfull \hbox (8.25056pt too wide) in paragraph at lines 851--851
 \T1/ptm/b/n/12 57108.17|
 []


Overfull \hbox (8.25056pt too wide) in paragraph at lines 851--851
 \T1/ptm/b/n/12 22108.17|
 []


Overfull \hbox (8.25056pt too wide) in paragraph at lines 851--851
 \T1/ptm/b/n/12 22108.17|
 []


Overfull \hbox (8.25056pt too wide) in paragraph at lines 851--851
 \T1/ptm/b/n/12 57082.50|
 []


Overfull \hbox (8.25056pt too wide) in paragraph at lines 851--851
 \T1/ptm/b/n/12 22082.50|
 []


Overfull \hbox (8.25056pt too wide) in paragraph at lines 851--851
 \T1/ptm/b/n/12 22082.50|
 []


Overfull \hbox (8.25056pt too wide) in paragraph at lines 851--851
 \T1/ptm/b/n/12 57756.83|
 []


Overfull \hbox (8.25056pt too wide) in paragraph at lines 851--851
 \T1/ptm/b/n/12 22756.83|
 []


Overfull \hbox (8.25056pt too wide) in paragraph at lines 851--851
 \T1/ptm/b/n/12 31906.83|
 []


Overfull \hbox (8.25056pt too wide) in paragraph at lines 851--851
 \T1/ptm/b/n/12 33745.73|
 []


LaTeX Warning: `!h' float specifier changed to `!ht'.


Overfull \hbox (2.25056pt too wide) in paragraph at lines 884--884
 []|\T1/ptm/m/n/12 1011.60|
 []


Overfull \hbox (2.25056pt too wide) in paragraph at lines 884--884
 []|\T1/ptm/m/n/12 1062.93|
 []


Overfull \hbox (2.25056pt too wide) in paragraph at lines 884--884
 []|\T1/ptm/m/n/12 1114.27|
 []


Overfull \hbox (8.25056pt too wide) in paragraph at lines 884--884
 \T1/ptm/b/n/12 23340.07|
 []


Overfull \hbox (8.25056pt too wide) in paragraph at lines 884--884
 \T1/ptm/b/n/12 20814.40|
 []


Overfull \hbox (8.25056pt too wide) in paragraph at lines 884--884
 \T1/ptm/b/n/12 18288.73|
 []


Overfull \hbox (8.25056pt too wide) in paragraph at lines 884--884
 \T1/ptm/b/n/12 15763.07|
 []


Overfull \hbox (8.25056pt too wide) in paragraph at lines 884--884
 \T1/ptm/b/n/12 13237.40|
 []


Overfull \hbox (8.25056pt too wide) in paragraph at lines 884--884
 \T1/ptm/b/n/12 15681.73|
 []


Overfull \hbox (8.25056pt too wide) in paragraph at lines 884--884
 \T1/ptm/b/n/12 13156.07|
 []


Overfull \hbox (8.25056pt too wide) in paragraph at lines 884--884
 \T1/ptm/b/n/12 10625.40|
 []


Overfull \hbox (2.25056pt too wide) in paragraph at lines 884--884
 \T1/ptm/b/n/12 8099.73|
 []


Overfull \hbox (2.25056pt too wide) in paragraph at lines 884--884
 []|\T1/ptm/b/n/12 2631.60|
 []


Overfull \hbox (2.25056pt too wide) in paragraph at lines 884--884
 []|\T1/ptm/b/n/12 7682.93|
 []


Overfull \hbox (8.25056pt too wide) in paragraph at lines 884--884
 []|\T1/ptm/b/n/12 12734.27|
 []


Overfull \hbox (2.25056pt too wide) in paragraph at lines 884--884
 []|\T1/ptm/m/n/12 1388.90|
 []


Overfull \hbox (2.25056pt too wide) in paragraph at lines 884--884
 []|\T1/ptm/m/n/12 1388.90|
 []


Overfull \hbox (2.25056pt too wide) in paragraph at lines 884--884
 []|\T1/ptm/m/n/12 1388.90|
 []


Overfull \hbox (2.25056pt too wide) in paragraph at lines 884--884
 []|\T1/ptm/m/n/12 1388.90|
 []


Overfull \hbox (2.25056pt too wide) in paragraph at lines 884--884
 []|\T1/ptm/m/n/12 1388.90|
 []


Overfull \hbox (2.25056pt too wide) in paragraph at lines 884--884
 []|\T1/ptm/m/n/12 1388.90|
 []


Overfull \hbox (2.25056pt too wide) in paragraph at lines 884--884
 []|\T1/ptm/m/n/12 1388.90|
 []


Overfull \hbox (2.25056pt too wide) in paragraph at lines 884--884
 []|\T1/ptm/m/n/12 1388.90|
 []


Overfull \hbox (2.25056pt too wide) in paragraph at lines 884--884
 []|\T1/ptm/m/n/12 1388.90|
 []


Overfull \hbox (2.25056pt too wide) in paragraph at lines 884--884
 []|\T1/ptm/m/n/12 1388.90|
 []


Overfull \hbox (2.25056pt too wide) in paragraph at lines 884--884
 []|\T1/ptm/m/n/12 1388.90|
 []


Overfull \hbox (2.25056pt too wide) in paragraph at lines 884--884
 []|\T1/ptm/m/n/12 1388.90|
 []


Overfull \hbox (8.25056pt too wide) in paragraph at lines 884--884
 \T1/ptm/b/n/12 24728.97|
 []


Overfull \hbox (8.25056pt too wide) in paragraph at lines 884--884
 \T1/ptm/b/n/12 22203.30|
 []


Overfull \hbox (8.25056pt too wide) in paragraph at lines 884--884
 \T1/ptm/b/n/12 19677.63|
 []


Overfull \hbox (8.25056pt too wide) in paragraph at lines 884--884
 \T1/ptm/b/n/12 17151.97|
 []


Overfull \hbox (8.25056pt too wide) in paragraph at lines 884--884
 \T1/ptm/b/n/12 14626.30|
 []


Overfull \hbox (8.25056pt too wide) in paragraph at lines 884--884
 \T1/ptm/b/n/12 17070.63|
 []


Overfull \hbox (8.25056pt too wide) in paragraph at lines 884--884
 \T1/ptm/b/n/12 14544.97|
 []


Overfull \hbox (8.25056pt too wide) in paragraph at lines 884--884
 \T1/ptm/b/n/12 12014.30|
 []


Overfull \hbox (2.25056pt too wide) in paragraph at lines 884--884
 \T1/ptm/b/n/12 9488.63|
 []


Overfull \hbox (2.25056pt too wide) in paragraph at lines 884--884
 []|\T1/ptm/b/n/12 1242.70|
 []


Overfull \hbox (2.25056pt too wide) in paragraph at lines 884--884
 []|\T1/ptm/b/n/12 6294.03|
 []


Overfull \hbox (8.25056pt too wide) in paragraph at lines 884--884
 []|\T1/ptm/b/n/12 11345.37|
 []


Overfull \hbox (8.25056pt too wide) in paragraph at lines 884--884
 \T1/ptm/b/n/12 25428.97|
 []


Overfull \hbox (8.25056pt too wide) in paragraph at lines 884--884
 \T1/ptm/b/n/12 22903.30|
 []


Overfull \hbox (8.25056pt too wide) in paragraph at lines 884--884
 \T1/ptm/b/n/12 20377.63|
 []


Overfull \hbox (8.25056pt too wide) in paragraph at lines 884--884
 \T1/ptm/b/n/12 17851.97|
 []


Overfull \hbox (8.25056pt too wide) in paragraph at lines 884--884
 \T1/ptm/b/n/12 15326.30|
 []


Overfull \hbox (8.25056pt too wide) in paragraph at lines 884--884
 \T1/ptm/b/n/12 17770.63|
 []


Overfull \hbox (8.25056pt too wide) in paragraph at lines 884--884
 \T1/ptm/b/n/12 15244.97|
 []


Overfull \hbox (8.25056pt too wide) in paragraph at lines 884--884
 \T1/ptm/b/n/12 12714.30|
 []


Overfull \hbox (8.25056pt too wide) in paragraph at lines 884--884
 \T1/ptm/b/n/12 10188.63|
 []


Overfull \hbox (2.25056pt too wide) in paragraph at lines 884--884
 []|\T1/ptm/b/n/12 5594.03|
 []


Overfull \hbox (8.25056pt too wide) in paragraph at lines 884--884
 []|\T1/ptm/b/n/12 10645.37|
 []


LaTeX Warning: `!h' float specifier changed to `!ht'.


Overfull \hbox (2.25056pt too wide) in paragraph at lines 918--918
 []|\T1/ptm/m/n/12 1165.60|
 []


Overfull \hbox (2.25056pt too wide) in paragraph at lines 918--918
 []|\T1/ptm/m/n/12 1216.93|
 []


Overfull \hbox (2.25056pt too wide) in paragraph at lines 918--918
 []|\T1/ptm/m/n/12 1268.27|
 []


Overfull \hbox (2.25056pt too wide) in paragraph at lines 918--918
 []|\T1/ptm/m/n/12 1319.60|
 []


Overfull \hbox (2.25056pt too wide) in paragraph at lines 918--918
 []|\T1/ptm/m/n/12 1370.93|
 []


Overfull \hbox (2.25056pt too wide) in paragraph at lines 918--918
 []|\T1/ptm/m/n/12 1422.27|
 []


Overfull \hbox (2.25056pt too wide) in paragraph at lines 918--918
 []|\T1/ptm/m/n/12 1473.60|
 []


Overfull \hbox (2.25056pt too wide) in paragraph at lines 918--918
 []|\T1/ptm/m/n/12 1524.93|
 []


Overfull \hbox (2.25056pt too wide) in paragraph at lines 918--918
 []|\T1/ptm/m/n/12 1576.27|
 []


Overfull \hbox (2.25056pt too wide) in paragraph at lines 918--918
 []|\T1/ptm/m/n/12 1627.60|
 []


Overfull \hbox (2.25056pt too wide) in paragraph at lines 918--918
 []|\T1/ptm/m/n/12 1678.93|
 []


Overfull \hbox (2.25056pt too wide) in paragraph at lines 918--918
 []|\T1/ptm/m/n/12 1730.27|
 []


Overfull \hbox (8.25056pt too wide) in paragraph at lines 918--918
 []|\T1/ptm/b/n/12 17785.60|
 []


Overfull \hbox (8.25056pt too wide) in paragraph at lines 918--918
 []|\T1/ptm/b/n/12 22836.93|
 []


Overfull \hbox (8.25056pt too wide) in paragraph at lines 918--918
 []|\T1/ptm/b/n/12 27888.27|
 []


Overfull \hbox (8.25056pt too wide) in paragraph at lines 918--918
 []|\T1/ptm/b/n/12 32939.60|
 []


Overfull \hbox (8.25056pt too wide) in paragraph at lines 918--918
 []|\T1/ptm/b/n/12 37990.93|
 []


Overfull \hbox (8.25056pt too wide) in paragraph at lines 918--918
 []|\T1/ptm/b/n/12 43042.27|
 []


Overfull \hbox (8.25056pt too wide) in paragraph at lines 918--918
 []|\T1/ptm/b/n/12 48093.60|
 []


Overfull \hbox (8.25056pt too wide) in paragraph at lines 918--918
 []|\T1/ptm/b/n/12 53144.93|
 []


Overfull \hbox (8.25056pt too wide) in paragraph at lines 918--918
 []|\T1/ptm/b/n/12 58196.27|
 []


Overfull \hbox (8.25056pt too wide) in paragraph at lines 918--918
 []|\T1/ptm/b/n/12 63247.60|
 []


Overfull \hbox (8.25056pt too wide) in paragraph at lines 918--918
 []|\T1/ptm/b/n/12 68298.93|
 []


Overfull \hbox (8.25056pt too wide) in paragraph at lines 918--918
 []|\T1/ptm/b/n/12 73350.27|
 []


Overfull \hbox (2.25056pt too wide) in paragraph at lines 918--918
 []|\T1/ptm/m/n/12 1388.90|
 []


Overfull \hbox (2.25056pt too wide) in paragraph at lines 918--918
 []|\T1/ptm/m/n/12 1388.90|
 []


Overfull \hbox (2.25056pt too wide) in paragraph at lines 918--918
 []|\T1/ptm/m/n/12 1388.90|
 []


Overfull \hbox (2.25056pt too wide) in paragraph at lines 918--918
 []|\T1/ptm/m/n/12 1388.90|
 []


Overfull \hbox (2.25056pt too wide) in paragraph at lines 918--918
 []|\T1/ptm/m/n/12 1388.90|
 []


Overfull \hbox (2.25056pt too wide) in paragraph at lines 918--918
 []|\T1/ptm/m/n/12 1388.90|
 []


Overfull \hbox (2.25056pt too wide) in paragraph at lines 918--918
 []|\T1/ptm/m/n/12 1388.90|
 []


Overfull \hbox (2.25056pt too wide) in paragraph at lines 918--918
 []|\T1/ptm/m/n/12 1388.90|
 []


Overfull \hbox (2.25056pt too wide) in paragraph at lines 918--918
 []|\T1/ptm/m/n/12 1388.90|
 []


Overfull \hbox (2.25056pt too wide) in paragraph at lines 918--918
 []|\T1/ptm/m/n/12 1388.90|
 []


Overfull \hbox (2.25056pt too wide) in paragraph at lines 918--918
 []|\T1/ptm/m/n/12 1388.90|
 []


Overfull \hbox (2.25056pt too wide) in paragraph at lines 918--918
 []|\T1/ptm/m/n/12 1388.90|
 []


Overfull \hbox (8.25056pt too wide) in paragraph at lines 918--918
 []|\T1/ptm/b/n/12 16396.70|
 []


Overfull \hbox (8.25056pt too wide) in paragraph at lines 918--918
 []|\T1/ptm/b/n/12 21448.03|
 []


Overfull \hbox (8.25056pt too wide) in paragraph at lines 918--918
 []|\T1/ptm/b/n/12 26499.37|
 []


Overfull \hbox (8.25056pt too wide) in paragraph at lines 918--918
 []|\T1/ptm/b/n/12 31550.70|
 []


Overfull \hbox (8.25056pt too wide) in paragraph at lines 918--918
 []|\T1/ptm/b/n/12 36602.03|
 []


Overfull \hbox (8.25056pt too wide) in paragraph at lines 918--918
 []|\T1/ptm/b/n/12 41653.37|
 []


Overfull \hbox (8.25056pt too wide) in paragraph at lines 918--918
 []|\T1/ptm/b/n/12 46704.70|
 []


Overfull \hbox (8.25056pt too wide) in paragraph at lines 918--918
 []|\T1/ptm/b/n/12 51756.03|
 []


Overfull \hbox (8.25056pt too wide) in paragraph at lines 918--918
 []|\T1/ptm/b/n/12 56807.37|
 []


Overfull \hbox (8.25056pt too wide) in paragraph at lines 918--918
 []|\T1/ptm/b/n/12 61858.70|
 []


Overfull \hbox (8.25056pt too wide) in paragraph at lines 918--918
 []|\T1/ptm/b/n/12 66910.03|
 []


Overfull \hbox (8.25056pt too wide) in paragraph at lines 918--918
 []|\T1/ptm/b/n/12 71961.37|
 []


Overfull \hbox (8.25056pt too wide) in paragraph at lines 918--918
 []|\T1/ptm/b/n/12 15696.70|
 []


Overfull \hbox (8.25056pt too wide) in paragraph at lines 918--918
 []|\T1/ptm/b/n/12 20748.03|
 []


Overfull \hbox (8.25056pt too wide) in paragraph at lines 918--918
 []|\T1/ptm/b/n/12 25799.37|
 []


Overfull \hbox (8.25056pt too wide) in paragraph at lines 918--918
 []|\T1/ptm/b/n/12 30850.70|
 []


Overfull \hbox (8.25056pt too wide) in paragraph at lines 918--918
 []|\T1/ptm/b/n/12 35902.03|
 []


Overfull \hbox (8.25056pt too wide) in paragraph at lines 918--918
 []|\T1/ptm/b/n/12 40953.37|
 []


Overfull \hbox (8.25056pt too wide) in paragraph at lines 918--918
 []|\T1/ptm/b/n/12 46004.70|
 []


Overfull \hbox (8.25056pt too wide) in paragraph at lines 918--918
 []|\T1/ptm/b/n/12 51056.03|
 []


Overfull \hbox (8.25056pt too wide) in paragraph at lines 918--918
 []|\T1/ptm/b/n/12 56107.37|
 []


Overfull \hbox (8.25056pt too wide) in paragraph at lines 918--918
 []|\T1/ptm/b/n/12 61158.70|
 []


Overfull \hbox (8.25056pt too wide) in paragraph at lines 918--918
 []|\T1/ptm/b/n/12 66210.03|
 []


Overfull \hbox (8.25056pt too wide) in paragraph at lines 918--918
 []|\T1/ptm/b/n/12 71261.37|
 []


LaTeX Warning: `!h' float specifier changed to `!ht'.

)

Package fancyhdr Warning: \headheight is too small (12.0pt): 
(fancyhdr)                Make it at least 14.49998pt, for example:
(fancyhdr)                \setlength{\headheight}{14.49998pt}.
(fancyhdr)                You might also make \topmargin smaller to compensate:
(fancyhdr)                \addtolength{\topmargin}{-2.49998pt}.

[34]

Package fancyhdr Warning: \headheight is too small (12.0pt): 
(fancyhdr)                Make it at least 14.49998pt, for example:
(fancyhdr)                \setlength{\headheight}{14.49998pt}.
(fancyhdr)                You might also make \topmargin smaller to compensate:
(fancyhdr)                \addtolength{\topmargin}{-2.49998pt}.

[35]

Package fancyhdr Warning: \headheight is too small (12.0pt): 
(fancyhdr)                Make it at least 14.49998pt, for example:
(fancyhdr)                \setlength{\headheight}{14.49998pt}.
(fancyhdr)                You might also make \topmargin smaller to compensate:
(fancyhdr)                \addtolength{\topmargin}{-2.49998pt}.

[36]

Package fancyhdr Warning: \headheight is too small (12.0pt): 
(fancyhdr)                Make it at least 14.49998pt, for example:
(fancyhdr)                \setlength{\headheight}{14.49998pt}.
(fancyhdr)                You might also make \topmargin smaller to compensate:
(fancyhdr)                \addtolength{\topmargin}{-2.49998pt}.

[37]

Package fancyhdr Warning: \headheight is too small (12.0pt): 
(fancyhdr)                Make it at least 14.49998pt, for example:
(fancyhdr)                \setlength{\headheight}{14.49998pt}.
(fancyhdr)                You might also make \topmargin smaller to compensate:
(fancyhdr)                \addtolength{\topmargin}{-2.49998pt}.

[38]

Package fancyhdr Warning: \headheight is too small (12.0pt): 
(fancyhdr)                Make it at least 14.49998pt, for example:
(fancyhdr)                \setlength{\headheight}{14.49998pt}.
(fancyhdr)                You might also make \topmargin smaller to compensate:
(fancyhdr)                \addtolength{\topmargin}{-2.49998pt}.

[39]

Package fancyhdr Warning: \headheight is too small (12.0pt): 
(fancyhdr)                Make it at least 14.49998pt, for example:
(fancyhdr)                \setlength{\headheight}{14.49998pt}.
(fancyhdr)                You might also make \topmargin smaller to compensate:
(fancyhdr)                \addtolength{\topmargin}{-2.49998pt}.

[40]

Package fancyhdr Warning: \headheight is too small (12.0pt): 
(fancyhdr)                Make it at least 14.49998pt, for example:
(fancyhdr)                \setlength{\headheight}{14.49998pt}.
(fancyhdr)                You might also make \topmargin smaller to compensate:
(fancyhdr)                \addtolength{\topmargin}{-2.49998pt}.

[41]

Package fancyhdr Warning: \headheight is too small (12.0pt): 
(fancyhdr)                Make it at least 14.49998pt, for example:
(fancyhdr)                \setlength{\headheight}{14.49998pt}.
(fancyhdr)                You might also make \topmargin smaller to compensate:
(fancyhdr)                \addtolength{\topmargin}{-2.49998pt}.

[42]

Package fancyhdr Warning: \headheight is too small (12.0pt): 
(fancyhdr)                Make it at least 14.49998pt, for example:
(fancyhdr)                \setlength{\headheight}{14.49998pt}.
(fancyhdr)                You might also make \topmargin smaller to compensate:
(fancyhdr)                \addtolength{\topmargin}{-2.49998pt}.

[43]

Package fancyhdr Warning: \headheight is too small (12.0pt): 
(fancyhdr)                Make it at least 14.49998pt, for example:
(fancyhdr)                \setlength{\headheight}{14.49998pt}.
(fancyhdr)                You might also make \topmargin smaller to compensate:
(fancyhdr)                \addtolength{\topmargin}{-2.49998pt}.

[44]

Package fancyhdr Warning: \headheight is too small (12.0pt): 
(fancyhdr)                Make it at least 14.49998pt, for example:
(fancyhdr)                \setlength{\headheight}{14.49998pt}.
(fancyhdr)                You might also make \topmargin smaller to compensate:
(fancyhdr)                \addtolength{\topmargin}{-2.49998pt}.

[45]

Package fancyhdr Warning: \headheight is too small (12.0pt): 
(fancyhdr)                Make it at least 14.49998pt, for example:
(fancyhdr)                \setlength{\headheight}{14.49998pt}.
(fancyhdr)                You might also make \topmargin smaller to compensate:
(fancyhdr)                \addtolength{\topmargin}{-2.49998pt}.

[46]

Package fancyhdr Warning: \headheight is too small (12.0pt): 
(fancyhdr)                Make it at least 14.49998pt, for example:
(fancyhdr)                \setlength{\headheight}{14.49998pt}.
(fancyhdr)                You might also make \topmargin smaller to compensate:
(fancyhdr)                \addtolength{\topmargin}{-2.49998pt}.

[47]

Package fancyhdr Warning: \headheight is too small (12.0pt): 
(fancyhdr)                Make it at least 14.49998pt, for example:
(fancyhdr)                \setlength{\headheight}{14.49998pt}.
(fancyhdr)                You might also make \topmargin smaller to compensate:
(fancyhdr)                \addtolength{\topmargin}{-2.49998pt}.

[48]

Package fancyhdr Warning: \headheight is too small (12.0pt): 
(fancyhdr)                Make it at least 14.49998pt, for example:
(fancyhdr)                \setlength{\headheight}{14.49998pt}.
(fancyhdr)                You might also make \topmargin smaller to compensate:
(fancyhdr)                \addtolength{\topmargin}{-2.49998pt}.

[49]
\openout2 = `chapter/30_anhang.aux'.


No file chapter/30_anhang.tex.
(./Projektarbeit.bbl
LaTeX Font Info:    Trying to load font information for T1+cmtt on input line 15.
 (/usr/share/texlive/texmf-dist/tex/latex/base/t1cmtt.fd
File: t1cmtt.fd 2019/12/16 v2.5j Standard LaTeX font definitions
)
Underfull \hbox (badness 4954) in paragraph at lines 11--17
[]\T1/ptm/m/n/12 [Statista-Auto-Alter 2025]  :  \T1/ptm/m/it/12 Verteilung der Per-so-n-enkraft-wa-gen in Deutsch-land
 []


Underfull \hbox (badness 1389) in paragraph at lines 11--17
\T1/ptm/m/it/12 nach Al-ter\T1/ptm/m/n/12 .  aug 2025. --  URL [][]$\T1/cmtt/m/n/12 https : / / de . statista . com / infografik / 34432 /
 []


Underfull \hbox (badness 10000) in paragraph at lines 52--57
[]\T1/ptm/m/n/12 [Datacrunch 2025]  \T1/ptm/m/sc/12 Dat-acrunch\T1/ptm/m/n/12 :  \T1/ptm/m/it/12 Cloud GPU Preisver-gle-ich: Wer bi-etet
 []


Underfull \hbox (badness 10000) in paragraph at lines 52--57
\T1/ptm/m/it/12 die gün-stig-ste GPU?  \T1/ptm/m/n/12 2025. --  URL [][]$\T1/cmtt/m/n/12 https : / / datacrunch . io / de / blog /
 []


Underfull \hbox (badness 10000) in paragraph at lines 59--67
[]\T1/ptm/m/n/12 [Delphi Tech-nolo-gies 2025]  \T1/ptm/m/sc/12 Del-phi Tech-nolo-gies\T1/ptm/m/n/12 :  \T1/ptm/m/it/12 DS-Diagnosesoftware
 []


Underfull \hbox (badness 4531) in paragraph at lines 59--67
\T1/ptm/m/it/12 für Pkw und le-ichte Nutz-fahrzeuge\T1/ptm/m/n/12 .  Del-phi Tech-nolo-gies Web-site.  2025. --
 []


Underfull \hbox (badness 10000) in paragraph at lines 59--67
\T1/ptm/m/n/12 URL [][]$\T1/cmtt/m/n/12 https : / / www . delphiautoparts . com / de-[]de / diagnose / obd-[]diagnose /
 []


Underfull \hbox (badness 8151) in paragraph at lines 69--78
[]\T1/ptm/m/n/12 [Ebay  2025]  \T1/ptm/m/sc/12 Ebay \T1/ptm/m/n/12 :  \T1/ptm/m/it/12 Bosch KTS590 ESi Tron-ic Di-ag-nos-tic Tester with
 []


Underfull \hbox (badness 7468) in paragraph at lines 69--78
\T1/ptm/m/it/12 Built In 2ch Os-cil-lo-scope DoIP \T1/ptm/m/n/12 .  Ebay-Eintrag.  Sep 2025. --  URL
 []


Underfull \hbox (badness 10000) in paragraph at lines 69--78
[][]$\T1/cmtt/m/n/12 https : / / www . ebay . at / itm / 177385453031 ? _skw = bosch + esi + tronic & itmmeta =
 []


Underfull \hbox (badness 10000) in paragraph at lines 69--78
\T1/cmtt/m/n/12 01K4EX10AAZD6CPRRCC5C77EVH & hash = item294cff35e7 : g : CD0AAeSw03horvNj &
 []


Underfull \hbox (badness 10000) in paragraph at lines 69--78
\T1/cmtt/m/n/12 itmprp = enc % 3AAQAKAAAA8FkggFvd1GGDu0w3yXCmi1cjM4m9 % 2BMczMLGUeMWzMG %
 []


Underfull \hbox (badness 10000) in paragraph at lines 69--78
\T1/cmtt/m/n/12 2FoXS978K % 2FlCu9 % 2F7eqFRuKL2yV39L % 2FAPMC15hzEpPC % 2Bii4N6e7 % 2FOLbX7GK %
 []


Underfull \hbox (badness 10000) in paragraph at lines 69--78
\T1/cmtt/m/n/12 2FhdQ4wh9r0LFNi180TaGCnbUJawfkZUzPTr3s2ajQ2dt0D6LIscDybtbs3UtKhz %
 []


Overfull \hbox (242.01355pt too wide) in paragraph at lines 69--78
\T1/cmtt/m/n/12 2BuSL3bXK8qzgzKoBjn2uHXAa7PkNvtgGmE8a3RnD9wnmfbFYExNRaU4bz0je5796N697A7DRkygPMaOsrBmMmUDyriOY3Fo9Oig5uzRQo6z3p %
 []


Underfull \hbox (badness 10000) in paragraph at lines 69--78
\T1/cmtt/m/n/12 2FHWI1442F20r % 2FLoBRYcKIDzkGlh5MVGVv5XBBtdIWOUkxpOWB3g % 3D % 3D % 7Ctkp %
 []


Package fancyhdr Warning: \headheight is too small (12.0pt): 
(fancyhdr)                Make it at least 14.49998pt, for example:
(fancyhdr)                \setlength{\headheight}{14.49998pt}.
(fancyhdr)                You might also make \topmargin smaller to compensate:
(fancyhdr)                \addtolength{\topmargin}{-2.49998pt}.

[50





]
Underfull \hbox (badness 10000) in paragraph at lines 87--95
[][]$\T1/cmtt/m/n/12 https : / / www . hella-[]gutmann . com / fileadmin / user _ upload / Download-[]Dateien / X _
 []


Underfull \hbox (badness 10000) in paragraph at lines 87--95
\T1/cmtt/m/n/12 Downloads / Preisliste / 2023 / HGS _ Preisliste _ DE _ Diagnose _ WA _ 2023-[]05 _ web . pdf$[][]\T1/ptm/m/n/12 .
 []


Underfull \hbox (badness 10000) in paragraph at lines 117--125
\T1/cmtt/m/n/12 s-[]anzeige / grosszuegige-[]lagerflaeche-[]in-[]zentraler-[]innenstadtrandlage /
 []


Underfull \hbox (badness 1205) in paragraph at lines 127--136
\T1/ptm/m/it/12 eräte-di-ag-nose ^^U Bosch Mo-bil-i-ty Af-ter-mar-ket\T1/ptm/m/n/12 .  Bosch Mo-bil-i-ty Af-ter-mar-ket Web-site.
 []


Underfull \hbox (badness 10000) in paragraph at lines 147--157
\T1/cmtt/m/n/12 arbeitsagentur . de / DE / Navigation / Statistiken / Interaktive-[]Statistiken /
 []


Underfull \hbox (badness 10000) in paragraph at lines 147--157
\T1/cmtt/m/n/12 Fachkraeftebedarf / Engpassanalyse-[]Nav . html ? Thema % 3Dsuche % 26DR _ Region %
 []


Underfull \hbox (badness 6510) in paragraph at lines 166--175
[]\T1/ptm/m/n/12 [ZDK 2025a]  \T1/ptm/m/sc/12 ZDK\T1/ptm/m/n/12 :  \T1/ptm/m/it/12 An-zahl der Kfz-Betriebe in Deutsch-land nach Be-trieb-
 []


Underfull \hbox (badness 1881) in paragraph at lines 166--175
\T1/ptm/m/it/12 sart in den Jahren 2000 bis 2024\T1/ptm/m/n/12 .  Graph. In Statista.  März 2025. --  URL
 []


Underfull \hbox (badness 10000) in paragraph at lines 166--175
[][]$\T1/cmtt/m/n/12 https : / / de . statista . com / statistik / daten / studie / 168124 / umfrage /
 []


Underfull \hbox (badness 6348) in paragraph at lines 166--175
\T1/cmtt/m/n/12 anzahl-[]der-[]betriebe-[]im-[]kfz-[]handwerk-[]in-[]deutschland/$[][]\T1/ptm/m/n/12 . --  Zu-griff am 6.
 []


Package fancyhdr Warning: \headheight is too small (12.0pt): 
(fancyhdr)                Make it at least 14.49998pt, for example:
(fancyhdr)                \setlength{\headheight}{14.49998pt}.
(fancyhdr)                You might also make \topmargin smaller to compensate:
(fancyhdr)                \addtolength{\topmargin}{-2.49998pt}.

[51])

Package fancyhdr Warning: \headheight is too small (12.0pt): 
(fancyhdr)                Make it at least 14.49998pt, for example:
(fancyhdr)                \setlength{\headheight}{14.49998pt}.
(fancyhdr)                You might also make \topmargin smaller to compensate:
(fancyhdr)                \addtolength{\topmargin}{-2.49998pt}.

[52]
\openout2 = `pages/19_index.aux'.

 (./pages/19_index.tex
No file Projektarbeit.ind.
)
\openout2 = `pages/20_erklaerung.aux'.

 (./pages/20_erklaerung.tex [53




] [54] [55])

Package glossaries Warning: No \printglossary or \printglossaries found. 
(Remove \makeglossaries if you don't want any glossaries.) 
This document will not have a glossary.

(./Projektarbeit.aux (./pages/10_titel_seminar.aux) (./pages/12_inhaltsverzeichnis.aux) (./pages/13_abkuerzungsverzeichnis.aux) (./pages/15_abbildungsverzeichnis.aux) (./chapter/20_kapitel.aux) (./chapter/Jeremy.aux) (./chapter/Max.aux) (./chapter/Anton.aux) (./chapter/30_anhang.aux) (./pages/19_index.aux) (./pages/20_erklaerung.aux))

LaTeX Warning: There were undefined references.


LaTeX Warning: There were multiply-defined labels.

Package rerunfilecheck Info: File `Projektarbeit.out' has not changed.
(rerunfilecheck)             Checksum: 7BB44F25668218ACADCC70443C93825D;7093.
 ) 
Here is how much of TeX's memory you used:
 27224 strings out of 480247
 479882 string characters out of 5896151
 1316709 words of memory out of 5000000
 44382 multiletter control sequences out of 15000+600000
 519396 words of font info for 78 fonts, out of 8000000 for 9000
 14 hyphenation exceptions out of 8191
 110i,13n,106p,2335b,633s stack positions out of 5000i,500n,10000p,200000b,80000s
{/usr/share/texmf/fonts/enc/dvips/cm-super/cm-super-t1.enc}{/usr/share/texlive/texmf-dist/fonts/enc/dvips/base/8r.enc}{/usr/share/texmf/fonts/enc/dvips/cm-super/cm-super-ts1.enc}</usr/share/texmf/fonts/type1/public/cm-super/sfrm1200.pfb></usr/share/texmf/fonts/type1/public/cm-super/sftt1200.pfb></usr/share/texlive/texmf-dist/fonts/type1/urw/times/utmb8a.pfb></usr/share/texlive/texmf-dist/fonts/type1/urw/times/utmbi8a.pfb></usr/share/texlive/texmf-dist/fonts/type1/urw/times/utmr8a.pfb></usr/share/texlive/texmf-dist/fonts/type1/urw/times/utmri8a.pfb>
Output written on Projektarbeit.pdf (60 pages, 31356794 bytes).
PDF statistics:
 967 PDF objects out of 1000 (max. 8388607)
 844 compressed objects within 9 object streams
 201 named destinations out of 1000 (max. 500000)
 403 words of extra memory for PDF output out of 10000 (max. 10000000)

